SECTION A,,,,,,,SECTION B,,,,,,SECTION C,,,,,,,,,,,,
,,,,,,,,,,,,,,,,,,,,,,,,,
DTR CROSS DATA  FOR SPOT,,,,,,,OPTIONS DATA TO BE USED,,,,,,TRADE DATA,,,,,,,,,,,,
,,,,,,,,,,,,,,,,,,,,,,,,,
Symbol,Trade,Day,Date,Time,Price,,Date,Time,ATM,Type,Expiry Date,,Option Price ,Trigger Price,SL,Target,Exit Price,Price at 3:09PM,P/L,Comments,Profit Per Lot,,Cummulative Profits,,MDD
,,,,,,,,,,,,,at DTR Cross,,,,,,(Points),,-25,,,,
,,,,,,,,,,,,,,,,,,,,,,,,,
NIFTY BANK.NSE_IDX,Short,Tue,1/9/18,9:30:00 AM,25657.2,,1/9/18,9:30:00 AM,25700,PE,1/11/18,,65.7,76.21,53.35,121.94,77.7,,1.49,Exit at 310,37.2,,37.2,,0
NIFTY BANK.NSE_IDX,Short,Wed,1/10/18,11:15:00 AM,25588.9,,1/10/18,11:15:00 AM,25600,PE,1/11/18,,77.45,89.84,62.89,143.75,62.8,,-27.04,SL ,-676.05,,-638.85,,-676.05
NIFTY BANK.NSE_IDX,Short,Fri,1/12/18,12:30:00 PM,25563.55,,1/12/18,12:30:00 PM,25600,PE,1/18/18,,88.15,102.25,71.58,163.61,71.5,,-30.75,SL ,-768.85,,"-1,407.70",,"-1,444.90"
NIFTY BANK.NSE_IDX,Long,Mon,1/15/18,10:15:00 AM,25985.15,,1/15/18,10:15:00 AM,26000,CE,1/18/18,,345.6,400.9,280.63,641.43,454.8,,53.9,Exit at 310,1347.6,,-60.1,,-97.3
NIFTY BANK.NSE_IDX,Short,Tue,1/16/18,10:30:00 AM,25984.55,,1/16/18,10:30:00 AM,26000,PE,1/18/18,,90.6,105.1,73.57,168.15,,,0,No Trade,0,,-60.1,,-97.3
NIFTY BANK.NSE_IDX,Long,Wed,1/17/18,9:30:00 AM,26071.65,,1/17/18,9:30:00 AM,26100,CE,1/18/18,,23.5,27.26,19.08,43.62,43.6,,16.34,Target,408.5,,348.4,,0
NIFTY BANK.NSE_IDX,Long,Tue,1/23/18,12:15:00 PM,27232.35,,1/23/18,12:15:00 PM,27200,CE,1/25/18,,150.25,174.29,122,278.86,278.85,,104.56,Target,2614,,"2,962.40",,0
NIFTY BANK.NSE_IDX,Long,Mon,1/29/18,11:00:00 AM,27642.35,,1/29/18,11:00:00 AM,27600,CE,2/1/18,,328.65,381.23,266.86,609.97,,,0,No Trade,0,,"2,962.40",,0
NIFTY BANK.NSE_IDX,Short,Tue,1/30/18,9:30:00 AM,27328.55,,1/30/18,9:30:00 AM,27300,PE,2/1/18,,289.2,335.47,234.83,536.76,,,0,No Trade,0,,"2,962.40",,0
NIFTY BANK.NSE_IDX,Long,Wed,1/31/18,9:30:00 AM,27314.5,,1/31/18,9:30:00 AM,27300,CE,2/1/18,,218,252.88,177.02,404.61,177,,-75.88,SL ,-1897,,"1,065.40",,"-1,897.00"
NIFTY BANK.NSE_IDX,Long,Thu,2/1/18,11:00:00 AM,27554.25,,2/1/18,11:00:00 AM,27600,CE,2/1/18,,199.5,231.42,161.99,370.27,,,0,No Trade,0,,"1,065.40",,"-1,897.00"
NIFTY BANK.NSE_IDX,Short,Fri,2/2/18,10:15:00 AM,26656.9,,2/2/18,10:15:00 AM,26700,PE,2/8/18,,268.65,311.63,218.14,498.61,315.5,,3.87,Exit at 310,96.65,,"1,162.05",,"-1,800.35"
NIFTY BANK.NSE_IDX,Long,Tue,2/6/18,12:30:00 PM,25346.1,,2/6/18,12:30:00 PM,25300,CE,2/8/18,,315.35,365.81,256.06,585.29,585.3,,219.49,Target,5487.35,,"6,649.40",,0
NIFTY BANK.NSE_IDX,Long,Thu,2/8/18,1:30:00 PM,26081.85,,2/8/18,1:30:00 PM,26100,CE,2/8/18,,45.85,53.19,37.23,85.1,37.2,,-15.99,SL,-399.65,,"6,249.75",,-399.65
NIFTY BANK.NSE_IDX,Long,Mon,2/12/18,2:00:00 PM,25675.25,,2/12/18,2:00:00 PM,25700,CE,2/15/18,,203.35,235.89,165.12,377.42,,,0,No Trade,0,,"6,249.75",,-399.65
NIFTY BANK.NSE_IDX,Short,Wed,2/14/18,9:30:00 AM,25559.85,,2/14/18,9:30:00 AM,25600,PE,2/15/18,,162.3,188.27,131.79,301.23,131.8,,-56.47,SL ,-1411.7,,"4,838.05",,"-1,811.35"
NIFTY BANK.NSE_IDX,Short,Fri,2/16/18,11:15:00 AM,25323.65,,2/16/18,11:15:00 AM,25300,PE,2/22/18,,223.95,259.78,181.85,415.65,289.5,,29.72,Exit at 310,742.95,,"5,581.00",,"-1,068.40"
NIFTY BANK.NSE_IDX,Short,Mon,2/19/18,9:45:00 AM,24972.05,,2/19/18,9:45:00 AM,25000,PE,2/22/18,,234.9,272.48,190.74,435.97,190.75,,-81.73,SL,-2043.35,,"3,537.65",,"-3,111.75"
NIFTY BANK.NSE_IDX,Short,Wed,2/21/18,1:15:00 PM,24818.1,,2/21/18,1:15:00 PM,24800,PE,2/22/18,,125.45,145.52,101.87,232.84,,,0,No Trade,0,,"3,537.65",,"-3,111.75"
NIFTY BANK.NSE_IDX,Long,Fri,2/23/18,9:15:00 AM,25115.25,,2/23/18,9:15:00 AM,25100,CE,3/1/18,,192,222.72,155.9,356.35,277.7,,54.98,Exit at 310,1374.5,,"4,912.15",,"-1,737.25"
NIFTY BANK.NSE_IDX,Long,Mon,2/26/18,1:30:00 PM,25669.9,,2/26/18,1:30:00 PM,25700,CE,3/1/18,,119.9,139.08,97.36,222.53,126,,-13.08,Exit at 310,-327.1,,"4,585.05",,"-2,064.35"
NIFTY BANK.NSE_IDX,Short,Tue,2/27/18,10:00:00 AM,25470.05,,2/27/18,10:00:00 AM,25500,PE,3/1/18,,146.35,169.77,118.84,271.63,185.55,,15.78,Exit at 310,394.6,,"4,979.65",,"-1,669.75"
NIFTY BANK.NSE_IDX,Long,Thu,3/1/18,9:15:00 AM,25190.05,,3/1/18,9:15:00 AM,25200,CE,3/1/18,,61.4,71.22,49.86,113.96,,,0,No Trade,0,,"4,979.65",,"-1,669.75"
NIFTY BANK.NSE_IDX,Short,Tue,3/6/18,11:15:00 AM,24840.25,,3/6/18,11:15:00 AM,24800,PE,3/8/18,,126.85,147.15,103,235.43,235.45,,88.3,Target,2207.6,,"7,187.25",,0
NIFTY BANK.NSE_IDX,Short,Thu,3/8/18,10:15:00 AM,24067.35,,3/8/18,10:15:00 AM,24100,PE,3/8/18,,86.3,100.11,70.08,160.17,,,0,No Trade,0,,"7,187.25",,0
NIFTY BANK.NSE_IDX,Long,Tue,3/13/18,9:45:00 AM,24912.55,,3/13/18,9:45:00 AM,24900,CE,3/15/18,,195,226.2,158.34,361.92,158.35,,-67.85,SL,-1696.25,,"5,491.00",,"-1,696.25"
NIFTY BANK.NSE_IDX,Short,Mon,3/19/18,11:30:00 AM,24340.6,,3/19/18,11:30:00 AM,24300,PE,3/22/18,,186,215.76,151.03,345.22,206.9,,-8.86,Exit at 310,-221.5,,"5,269.50",,"-1,917.75"
NIFTY BANK.NSE_IDX,Short,Fri,3/23/18,11:15:00 AM,23645.9,,3/23/18,11:15:00 AM,23600,PE,3/29/18,,178.35,206.89,144.82,331.02,,,0,No Trade,0,,"5,269.50",,"-1,917.75"
NIFTY BANK.NSE_IDX,Long,Mon,3/26/18,11:45:00 AM,23809.15,,3/26/18,11:45:00 AM,23800,CE,3/29/18,,186.4,216.22,151.36,345.96,346,,129.78,Target,3244.4,,"8,513.90",,0
NIFTY BANK.NSE_IDX,Short,Mon,4/2/18,9:45:00 AM,24102.25,,4/2/18,9:45:00 AM,24100,PE,4/5/18,,207.95,241.22,168.86,385.96,,,0,No Trade,0,,"8,513.90",,0
NIFTY BANK.NSE_IDX,Long,Wed,4/4/18,10:30:00 AM,24640.85,,4/4/18,10:30:00 AM,24600,CE,4/5/18,,138.4,160.54,112.38,256.87,,,0,No Trade,0,,"8,513.90",,0
NIFTY BANK.NSE_IDX,Short,Wed,4/4/18,1:15:00 PM,24271.15,,4/4/18,1:15:00 PM,24300,PE,4/5/18,,135,156.6,109.62,250.56,205.6,,49,Exit at 310,1225,,"9,738.90",,0
NIFTY BANK.NSE_IDX,Long,Mon,4/9/18,10:30:00 AM,25037.4,,4/9/18,10:30:00 AM,25000,CE,4/12/18,,181.85,210.95,147.66,337.51,216.7,,5.75,Exit at 310,143.85,,"9,882.75",,0
NIFTY BANK.NSE_IDX,Short,Wed,4/11/18,9:15:00 AM,25101.9,,4/11/18,9:15:00 AM,25100,PE,4/12/18,,138.85,161.07,112.75,257.71,112.75,,-48.32,SL,-1207.9,,"8,674.85",,"-1,207.90"
NIFTY BANK.NSE_IDX,Long,Mon,4/16/18,2:00:00 PM,25286.2,,4/16/18,2:00:00 PM,25300,CE,4/19/18,,145.8,169.13,118.39,270.6,156.95,,-12.18,Exit at 310,-304.45,,"8,370.40",,"-1,512.35"
NIFTY BANK.NSE_IDX,Short,Wed,4/18/18,9:15:00 AM,25306.15,,4/18/18,9:15:00 AM,25300,PE,4/19/18,,230,266.8,186.76,426.88,321.7,,54.9,Exit at 310,1372.5,,"9,742.90",,-139.85
NIFTY BANK.NSE_IDX,Short,Fri,4/20/18,9:15:00 AM,25012.75,,4/20/18,9:15:00 AM,25000,PE,4/26/18,,182.25,211.41,147.99,338.26,206.5,,-4.91,Exit at 310,-122.75,,"9,620.15",,-262.6
NIFTY BANK.NSE_IDX,Short,Mon,4/23/18,9:30:00 AM,24855.2,,4/23/18,9:30:00 AM,24900,PE,4/26/18,,189.1,219.36,153.55,350.97,,,0,No Trade,0,,"9,620.15",,-262.6
NIFTY BANK.NSE_IDX,Short,Wed,4/25/18,1:45:00 PM,24872.35,,4/25/18,1:45:00 PM,24900,PE,4/26/18,,122.2,141.75,99.23,226.8,148.95,,7.2,Exit at 310,179.95,,"9,800.10",,-82.65
NIFTY BANK.NSE_IDX,Long,Fri,4/27/18,9:45:00 AM,25329.95,,4/27/18,9:45:00 AM,25300,CE,5/3/18,,160.1,185.72,130,297.15,184.1,,-1.62,Exit at 310,-40.4,,"9,759.70",,-123.05
NIFTY BANK.NSE_IDX,Short,Wed,5/2/18,10:00:00 AM,25508.4,,5/2/18,10:00:00 AM,25500,PE,5/3/18,,67,77.72,54.4,124.35,,,0,No Trade,0,,"9,759.70",,-123.05
NIFTY BANK.NSE_IDX,Long,Wed,5/2/18,1:30:00 PM,25698.15,,5/2/18,1:30:00 PM,25700,CE,5/3/18,,87.85,101.91,71.33,163.05,163.05,,61.14,Target,1528.6,,"11,288.30",,0
NIFTY BANK.NSE_IDX,Long,Mon,5/7/18,12:30:00 PM,25800.8,,5/7/18,12:30:00 PM,25800,CE,5/10/18,,122.75,142.39,99.67,227.82,,,0,No Trade,0,,"11,288.30",,0
NIFTY BANK.NSE_IDX,Long,Wed,5/9/18,10:30:00 AM,26100.55,,5/9/18,10:30:00 AM,26100,CE,5/10/18,,59.3,68.79,48.15,110.06,72.75,,3.96,Exit at 310,99.05,,"11,387.35",,0
NIFTY BANK.NSE_IDX,Long,Tue,5/15/18,9:15:00 AM,26677.4,,5/15/18,9:15:00 AM,26700,CE,5/17/18,,162.15,188.09,131.67,300.95,131.65,,-56.44,SL,-1411.1,,"9,976.25",,"-1,411.10"
NIFTY BANK.NSE_IDX,Short,Thu,5/17/18,1:45:00 PM,26042.55,,5/17/18,1:45:00 PM,26000,PE,5/17/18,,12.2,14.15,9.91,22.64,,,0,No Trade,0,,"9,976.25",,"-1,411.10"
NIFTY BANK.NSE_IDX,Short,Fri,5/18/18,1:00:00 PM,25875,,5/18/18,1:00:00 PM,25900,PE,5/24/18,,207.95,241.22,168.86,385.96,,,0,No Trade,0,,"9,976.25",,"-1,411.10"
NIFTY BANK.NSE_IDX,Short,Mon,5/21/18,10:00:00 AM,25853.75,,5/21/18,10:00:00 AM,25900,PE,5/24/18,,193.15,224.05,156.84,358.49,203.9,,-20.15,Exit at 310,-503.85,,"9,472.40",,"-1,914.95"
NIFTY BANK.NSE_IDX,Long,Wed,5/23/18,11:45:00 AM,25864.75,,5/23/18,11:45:00 AM,25900,CE,5/24/18,,50.8,58.93,41.25,94.28,41.25,,-17.68,SL,-441.95,,"9,030.45",,"-2,356.90"
NIFTY BANK.NSE_IDX,Long,Thu,5/24/18,1:15:00 PM,25895.4,,5/24/18,1:15:00 PM,25900,CE,5/24/18,,13.75,15.95,11.17,25.52,11.2,,-4.75,SL,-118.75,,"8,911.70",,"-2,475.65"
NIFTY BANK.NSE_IDX,Long,Mon,5/28/18,9:15:00 AM,26473.25,,5/28/18,9:15:00 AM,26500,CE,5/31/18,,95,110.2,77.14,176.32,176.3,,66.1,Target,1652.5,,"10,564.20",,-823.15
NIFTY BANK.NSE_IDX,Short,Tue,5/29/18,2:00:00 PM,26270.5,,5/29/18,2:00:00 PM,26300,PE,5/31/18,,185,214.6,150.22,343.36,,,0,No Trade,0,,"10,564.20",,-823.15
NIFTY BANK.NSE_IDX,Long,Wed,5/30/18,12:45:00 PM,26278,,5/30/18,12:45:00 PM,26300,CE,5/31/18,,75,87,60.9,139.2,139.2,,52.2,Target,1305,,"11,869.20",,0
NIFTY BANK.NSE_IDX,Short,Mon,6/4/18,9:15:00 AM,26719.05,,6/4/18,9:15:00 AM,26700,PE,6/7/18,,228.15,264.65,185.26,423.45,423.45,,158.8,Target,3969.9,,"15,839.10",,0
NIFTY BANK.NSE_IDX,Long,Thu,6/7/18,1:00:00 PM,26747.15,,6/7/18,1:00:00 PM,26700,CE,6/7/18,,105.5,122.38,85.67,195.81,,,0,No Trade,0,,"15,839.10",,0
NIFTY BANK.NSE_IDX,Long,Mon,6/11/18,10:00:00 AM,26607.55,,6/11/18,10:00:00 AM,26600,CE,6/14/18,,180.05,208.86,146.2,334.17,,,0,No Trade,0,,"15,839.10",,0
NIFTY BANK.NSE_IDX,Short,Fri,6/15/18,12:15:00 PM,26482.6,,6/15/18,12:15:00 PM,26500,PE,6/21/18,,192.35,223.13,156.19,357,228.05,,4.92,Exit at 310,123.1,,"15,962.20",,0
NIFTY BANK.NSE_IDX,Short,Tue,6/19/18,9:15:00 AM,26349.9,,6/19/18,9:15:00 AM,26300,PE,6/21/18,,147.35,170.93,119.65,273.48,144.5,,-26.43,Exit at 310,-660.65,,"15,301.55",,-660.65
NIFTY BANK.NSE_IDX,Long,Wed,6/20/18,12:15:00 PM,26479.7,,6/20/18,12:15:00 PM,26500,CE,6/21/18,,93.85,108.87,76.21,174.19,133.25,,24.38,Exit at 310,609.6,,"15,911.15",,-51.05
NIFTY BANK.NSE_IDX,Short,Thu,6/21/18,11:30:00 AM,26488.3,,6/21/18,11:30:00 AM,26500,PE,6/21/18,,48.2,55.91,39.14,89.46,39.1,,-16.81,SL,-420.3,,"15,490.85",,-471.35
NIFTY BANK.NSE_IDX,Short,Fri,6/22/18,9:45:00 AM,26388.4,,6/22/18,9:45:00 AM,26400,PE,6/28/18,,179.75,208.51,145.96,333.62,,,0,No Trade,0,,"15,490.85",,-471.35
NIFTY BANK.NSE_IDX,Long,Tue,6/26/18,11:15:00 AM,26633.4,,6/26/18,11:15:00 AM,26600,CE,6/28/18,,153.9,178.52,124.97,285.64,125,,-53.52,SL,-1338.1,,"14,152.75",,"-1,809.45"
NIFTY BANK.NSE_IDX,Short,Wed,6/27/18,11:30:00 AM,26466.4,,6/27/18,11:30:00 AM,26500,PE,6/28/18,,198.6,230.38,161.26,368.6,161.25,,-69.13,SL,-1728.15,,"12,424.60",,"-3,537.60"
NIFTY BANK.NSE_IDX,Short,Thu,6/28/18,2:00:00 PM,26242.35,,6/28/18,2:00:00 PM,26200,PE,6/28/18,,43.55,50.52,35.36,80.83,80.8,,30.28,Target,757.05,,"13,181.65",,"-2,780.55"
NIFTY BANK.NSE_IDX,Short,Mon,7/2/18,9:30:00 AM,26265.55,,7/2/18,9:30:00 AM,26300,PE,7/5/18,,164.8,191.17,133.82,305.87,174,,-17.17,Exit at 310,-429.2,,"12,752.45",,"-3,209.75"
NIFTY BANK.NSE_IDX,Short,Wed,7/4/18,9:15:00 AM,26152.45,,7/4/18,9:15:00 AM,26200,PE,7/5/18,,127.6,148.02,103.61,236.83,,,0,No Trade,0,,"12,752.45",,"-3,209.75"
NIFTY BANK.NSE_IDX,Long,Fri,7/6/18,9:45:00 AM,26542.35,,7/6/18,9:45:00 AM,26500,CE,7/12/18,,180.25,209.09,146.36,334.54,165.8,,-43.29,Exit at 310,-1082.25,,"11,670.20",,"-4,292.00"
NIFTY BANK.NSE_IDX,Long,Mon,7/9/18,12:15:00 PM,26754.9,,7/9/18,12:15:00 PM,26800,CE,7/12/18,,94.95,110.14,77.1,176.23,,,0,No Trade,0,,"11,670.20",,"-4,292.00"
NIFTY BANK.NSE_IDX,Long,Tue,7/10/18,9:30:00 AM,26914.95,,7/10/18,9:30:00 AM,26900,CE,7/12/18,,90.6,105.1,73.57,168.15,92.2,,-12.9,Exit at 310,-322.4,,"11,347.80",,"-4,614.40"
NIFTY BANK.NSE_IDX,Short,Wed,7/11/18,12:30:00 PM,26785.5,,7/11/18,12:30:00 PM,26800,PE,7/12/18,,110.1,127.72,89.4,204.35,,,0,No Trade,0,,"11,347.80",,"-4,614.40"
NIFTY BANK.NSE_IDX,Long,Thu,7/12/18,9:15:00 AM,27060.65,,7/12/18,9:15:00 AM,27100,CE,7/12/18,,41.5,48.14,33.7,77.02,77,,28.86,Target,721.5,,"12,069.30",,"-3,892.90"
NIFTY BANK.NSE_IDX,Short,Fri,7/13/18,2:00:00 PM,26923.05,,7/13/18,2:00:00 PM,26900,PE,7/19/18,,130.85,151.79,106.25,242.86,,,0,No Trade,0,,"12,069.30",,"-3,892.90"
NIFTY BANK.NSE_IDX,Short,Mon,7/16/18,9:30:00 AM,26790.25,,7/16/18,9:30:00 AM,26800,PE,7/19/18,,116.85,135.55,94.88,216.87,146.85,,11.3,Exit at 310,282.6,,"12,351.90",,"-3,610.30"
NIFTY BANK.NSE_IDX,Long,Tue,7/17/18,1:30:00 PM,26841.7,,7/17/18,1:30:00 PM,26800,CE,7/19/18,,157.95,183.22,128.26,293.16,293.15,,109.93,Target,2748.2,,"15,100.10",,-862.1
NIFTY BANK.NSE_IDX,Short,Wed,7/18/18,2:00:00 PM,26908.65,,7/18/18,2:00:00 PM,26900,PE,7/19/18,,81.5,94.54,66.18,151.26,,,0,No Trade,0,,"15,100.10",,-862.1
NIFTY BANK.NSE_IDX,Long,Mon,7/23/18,9:15:00 AM,26904.7,,7/23/18,9:15:00 AM,26900,CE,7/26/18,,190.6,221.1,154.77,353.75,242,,20.9,Exit at 310,522.6,,"15,622.70",,-339.5
NIFTY BANK.NSE_IDX,Long,Thu,7/26/18,10:00:00 AM,27221.8,,7/26/18,10:00:00 AM,27200,CE,7/26/18,,76.25,88.45,61.92,141.52,141.5,,53.05,Target,1326.25,,"16,948.95",,0
NIFTY BANK.NSE_IDX,Short,Mon,7/30/18,10:00:00 AM,27649.15,,7/30/18,10:00:00 AM,27600,PE,8/2/18,,152.75,177.19,124.03,283.5,,,0,No Trade,0,,"16,948.95",,0
NIFTY BANK.NSE_IDX,Short,Tue,7/31/18,12:45:00 PM,27656.7,,7/31/18,12:45:00 PM,27700,PE,8/2/18,,131,151.96,106.37,243.14,,,0,No Trade,0,,"16,948.95",,0
NIFTY BANK.NSE_IDX,Short,Wed,8/1/18,1:30:00 PM,27600.95,,8/1/18,1:30:00 PM,27600,PE,8/2/18,,95,110.2,77.14,176.32,77.15,,-33.05,SL,-826.25,,"16,122.70",,-826.25
NIFTY BANK.NSE_IDX,Long,Fri,8/3/18,1:30:00 PM,27616.15,,8/3/18,1:30:00 PM,27600,CE,8/9/18,,180.05,208.86,146.2,334.17,218.25,,9.39,Exit at 310,234.8,,"16,357.50",,-591.45
NIFTY BANK.NSE_IDX,Long,Mon,8/6/18,10:45:00 AM,27966.35,,8/6/18,10:45:00 AM,28000,CE,8/9/18,,117,135.72,95,217.15,,,0,No Trade,0,,"16,357.50",,-591.45
NIFTY BANK.NSE_IDX,Long,Wed,8/8/18,10:30:00 AM,28022.95,,8/8/18,10:30:00 AM,28000,CE,8/9/18,,109.6,127.14,89,203.42,89,,-38.14,SL,-953.4,,"15,404.10",,"-1,544.85"
NIFTY BANK.NSE_IDX,Short,Fri,8/10/18,9:45:00 AM,28220.6,,8/10/18,9:45:00 AM,28200,PE,8/16/18,,148.9,172.72,120.91,276.36,,,0,No Trade,0,,"15,404.10",,"-1,544.85"
NIFTY BANK.NSE_IDX,Long,Tue,8/14/18,9:30:00 AM,28010.85,,8/14/18,9:30:00 AM,28000,CE,8/16/18,,122.3,141.87,99.31,226.99,,,0,No Trade,0,,"15,404.10",,"-1,544.85"
NIFTY BANK.NSE_IDX,Long,Thu,8/16/18,10:00:00 AM,27978.4,,8/16/18,10:00:00 AM,28000,CE,8/16/18,,30.35,35.21,24.64,56.33,24.6,,-10.61,SL,-265.15,,"15,138.95",,"-1,810.00"
NIFTY BANK.NSE_IDX,Long,Fri,8/17/18,10:45:00 AM,28102.25,,8/17/18,10:45:00 AM,28100,CE,8/23/18,,173.15,200.85,140.6,321.37,188.3,,-12.55,Exit at 310,-313.85,,"14,825.10",,"-2,123.85"
NIFTY BANK.NSE_IDX,Short,Tue,8/21/18,9:15:00 AM,28225.4,,8/21/18,9:15:00 AM,28200,PE,8/23/18,,89.3,103.59,72.51,165.74,72.5,,-31.09,SL,-777.2,,"14,047.90",,"-2,901.05"
NIFTY BANK.NSE_IDX,Short,Thu,8/23/18,9:15:00 AM,28180.9,,8/23/18,9:15:00 AM,28200,PE,8/23/18,,54.1,62.76,43.93,100.41,100.4,151.8,37.64,Target,941.1,,"14,989.00",,"-1,959.95"
NIFTY BANK.NSE_IDX,Long,Mon,8/27/18,9:30:00 AM,28173.15,,8/27/18,9:30:00 AM,28200,CE,8/30/18,,139.9,162.28,113.6,259.65,149,,-13.28,Exit at 310,-332.1,,"14,656.90",,"-2,292.05"
NIFTY BANK.NSE_IDX,Short,Tue,8/28/18,11:30:00 AM,28178.8,,8/28/18,11:30:00 AM,28200,PE,8/30/18,,119.15,138.21,96.75,221.14,,,0,No Trade,0,,"14,656.90",,"-2,292.05"
NIFTY BANK.NSE_IDX,Short,Thu,8/30/18,9:15:00 AM,28086.6,,8/30/18,9:15:00 AM,28100,PE,8/30/18,,74.65,86.59,60.62,138.55,60.6,,-25.99,SL,-649.85,,"14,007.05",,"-2,941.90"
NIFTY BANK.NSE_IDX,Short,Mon,9/3/18,9:15:00 AM,28031.85,,9/3/18,9:15:00 AM,28000,PE,9/6/18,,110,127.6,89.32,204.16,153.05,,25.45,Exit at 310,636.25,,"14,643.30",,"-2,305.65"
NIFTY BANK.NSE_IDX,Short,Tue,9/4/18,10:00:00 AM,27608.45,,9/4/18,10:00:00 AM,27600,PE,9/6/18,,77.95,90.42,63.3,144.68,63.3,,-27.12,SL,-678.05,,"13,965.25",,"-2,983.70"
NIFTY BANK.NSE_IDX,Short,Thu,9/6/18,12:45:00 PM,27256.45,,9/6/18,12:45:00 PM,27300,PE,9/6/18,,45.5,52.78,36.95,84.45,,,0,No Trade,0,,"13,965.25",,"-2,983.70"
NIFTY BANK.NSE_IDX,Short,Fri,9/7/18,9:15:00 AM,27256,,9/7/18,9:15:00 AM,27300,PE,9/13/18,,169.55,196.68,137.67,314.68,,,0,No Trade,0,,"13,965.25",,"-2,983.70"
NIFTY BANK.NSE_IDX,Short,Mon,9/10/18,10:30:00 AM,27241.9,,9/10/18,10:30:00 AM,27200,PE,9/13/18,,102.05,118.38,82.86,189.4,82.9,,-35.48,SL,-886.95,,"13,078.30",,"-3,870.65"
NIFTY BANK.NSE_IDX,Short,Tue,9/11/18,1:45:00 PM,27082.8,,9/11/18,1:45:00 PM,27100,PE,9/13/18,,84.95,98.54,68.98,157.67,157.5,235.25,58.96,Target,1473.95,,"14,552.25",,"-2,396.70"
NIFTY BANK.NSE_IDX,Short,Mon,9/17/18,9:15:00 AM,26830.95,,9/17/18,9:15:00 AM,26800,PE,9/20/18,,117.9,136.76,95.73,218.82,122.45,,-14.31,Exit at 310,-357.85,,"14,194.40",,"-2,754.55"
NIFTY BANK.NSE_IDX,Long,Fri,9/21/18,9:30:00 AM,26470.6,,9/21/18,9:30:00 AM,26500,CE,9/27/18,,219.75,254.91,178.44,407.86,,,0,No Trade,0,,"14,194.40",,"-2,754.55"
NIFTY BANK.NSE_IDX,Short,Fri,9/21/18,12:45:00 PM,26026.9,,9/21/18,12:45:00 PM,26000,PE,9/27/18,,187.2,217.15,152.01,347.44,347.6,504,130.45,Target,3261.2,,"17,455.60",,0
NIFTY BANK.NSE_IDX,Short,Thu,9/27/18,10:30:00 AM,25254.4,,9/27/18,10:30:00 AM,25300,PE,9/27/18,,120,139.2,97.44,222.72,222.8,246.3,83.6,Target,2090,,"19,545.60",,0
NIFTY BANK.NSE_IDX,Long,Wed,10/10/18,9:45:00 AM,24778.75,,10/10/18,9:45:00 AM,24800,CE,10/11/18,,133.25,154.57,108.2,247.31,247.4,454.55,92.83,Target,2320.75,,"21,866.35",,0
NIFTY BANK.NSE_IDX,Long,Fri,10/12/18,9:30:00 AM,25274.2,,10/12/18,9:30:00 AM,25300,CE,10/18/18,,260.8,302.53,211.77,484.04,321.5,,18.97,Exit at 310,474.3,,"22,340.65",,0
NIFTY BANK.NSE_IDX,Long,Tue,10/16/18,9:45:00 AM,25612.8,,10/16/18,9:45:00 AM,25600,CE,10/18/18,,175.35,203.41,142.38,325.45,,,0,No Trade,0,,"22,340.65",,0
NIFTY BANK.NSE_IDX,Short,Wed,10/17/18,10:30:00 AM,25644.35,,10/17/18,10:30:00 AM,25600,PE,10/18/18,,45,52.2,36.54,83.52,36.5,,-15.7,SL,-392.5,,"21,948.15",,-392.5
NIFTY BANK.NSE_IDX,Short,Mon,10/22/18,9:15:00 AM,25236.25,,10/22/18,9:15:00 AM,25200,PE,10/25/18,,249.15,289.01,202.31,462.42,202.3,,-86.71,SL,-2167.85,,"19,780.30",,"-2,560.35"
NIFTY BANK.NSE_IDX,Short,Wed,10/24/18,10:30:00 AM,25161.05,,10/24/18,10:30:00 AM,25200,PE,10/25/18,,170,197.2,138.04,315.52,315.6,209.6,118.4,Target,2960,,"22,740.30",,0
NIFTY BANK.NSE_IDX,Short,Fri,10/26/18,2:00:00 PM,24561.35,,10/26/18,2:00:00 PM,24600,PE,11/1/18,,288.3,334.43,234.1,535.08,357.45,,23.02,Exit at 310,575.55,,"23,315.85",,0
NIFTY BANK.NSE_IDX,Long,Mon,10/29/18,1:30:00 PM,24876.55,,10/29/18,1:30:00 PM,24900,CE,11/1/18,,210.55,244.24,170.97,390.78,247.2,,2.96,Exit at 310,74.05,,"23,389.90",,0
NIFTY BANK.NSE_IDX,Short,Wed,10/31/18,10:15:00 AM,24587.9,,10/31/18,10:15:00 AM,24600,PE,11/1/18,,200,232,162.4,371.2,,,0,No Trade,0,,"23,389.90",,0
NIFTY BANK.NSE_IDX,Long,Fri,11/2/18,11:15:00 AM,25741.25,,11/2/18,11:15:00 AM,25700,CE,11/8/18,,209.5,243.02,170.11,388.83,170.1,,-72.92,SL,-1823,,"21,566.90",,"-1,823.00"
NIFTY BANK.NSE_IDX,Short,Mon,11/12/18,1:00:00 PM,25635.55,,11/12/18,1:00:00 PM,25600,PE,11/15/18,,171.95,199.46,139.62,319.14,196,,-3.46,Exit at 310,-86.55,,"21,480.35",,"-1,909.55"
NIFTY BANK.NSE_IDX,Long,Tue,11/13/18,1:45:00 PM,25712.7,,11/13/18,1:45:00 PM,25700,CE,11/15/18,,161.4,187.22,131.06,299.56,186.05,,-1.17,Exit at 310,-29.35,,"21,451.00",,"-1,938.90"
NIFTY BANK.NSE_IDX,Long,Thu,11/15/18,1:00:00 PM,26154.05,,11/15/18,1:00:00 PM,26200,CE,11/15/18,,21.95,25.46,17.82,40.74,17.9,,-7.56,SL,-189.05,,"21,261.95",,"-2,127.95"
NIFTY BANK.NSE_IDX,Short,Mon,11/19/18,9:30:00 AM,26250.9,,11/19/18,9:30:00 AM,26300,PE,11/22/18,,257.8,299.05,209.33,478.48,,,0,No Trade,0,,"21,261.95",,"-2,127.95"
NIFTY BANK.NSE_IDX,Long,Wed,11/21/18,12:15:00 PM,26271.75,,11/21/18,12:15:00 PM,26300,CE,11/22/18,,116.5,135.14,94.6,216.22,94.6,,-40.54,SL,-1013.5,,"20,248.45",,"-3,141.45"
NIFTY BANK.NSE_IDX,Long,Mon,11/26/18,1:30:00 PM,26282.2,,11/26/18,1:30:00 PM,26300,CE,11/29/18,,143.6,166.58,116.6,266.52,190.9,,24.32,Exit at 310,608.1,,"20,856.55",,"-2,533.35"
NIFTY BANK.NSE_IDX,Long,Thu,11/29/18,12:30:00 PM,26710.7,,11/29/18,12:30:00 PM,26700,CE,11/29/18,,50.15,58.17,40.72,93.08,93.2,193.85,35.03,Target,875.65,,"21,732.20",,"-1,657.70"
NIFTY BANK.NSE_IDX,Short,Mon,12/3/18,9:15:00 AM,26889.5,,12/3/18,9:15:00 AM,26900,PE,12/6/18,,202.95,235.42,164.8,376.68,198.25,,-37.17,Exit at 310,-929.3,,"20,802.90",,"-2,587.00"
NIFTY BANK.NSE_IDX,Short,Tue,12/4/18,1:15:00 PM,26658.1,,12/4/18,1:15:00 PM,26700,PE,12/6/18,,161.25,187.05,130.94,299.28,,,0,No Trade,0,,"20,802.90",,"-2,587.00"
NIFTY BANK.NSE_IDX,Short,Thu,12/6/18,9:30:00 AM,26251.45,,12/6/18,9:30:00 AM,26300,PE,12/6/18,,77.75,90.19,63.13,144.3,144.4,97.6,54.21,Target,1355.25,,"22,158.15",,"-1,231.75"
NIFTY BANK.NSE_IDX,Long,Fri,12/7/18,11:15:00 AM,26474.5,,12/7/18,11:15:00 AM,26500,CE,12/13/18,,273.35,317.09,221.96,507.34,329.85,,12.76,Exit at 310,319.1,,"22,477.25",,-912.65
NIFTY BANK.NSE_IDX,Long,Tue,12/11/18,11:00:00 AM,25890.85,,12/11/18,11:00:00 AM,25900,CE,12/13/18,,217,251.72,176.2,402.75,402.7,307.35,150.98,Target,3774.5,,"26,251.75",,0
NIFTY BANK.NSE_IDX,Long,Mon,12/17/18,10:30:00 AM,27031.3,,12/17/18,10:30:00 AM,27000,CE,12/20/18,,187.6,217.62,152.33,348.19,,,0,No Trade,0,,"26,251.75",,0
NIFTY BANK.NSE_IDX,Long,Tue,12/18/18,1:15:00 PM,26969.8,,12/18/18,1:15:00 PM,27000,CE,12/20/18,,133.25,154.57,108.2,247.31,247.4,243,92.83,Target,2320.75,,"28,572.50",,0
NIFTY BANK.NSE_IDX,Long,Thu,12/20/18,12:45:00 PM,27259.05,,12/20/18,12:45:00 PM,27300,CE,12/20/18,,36.5,42.34,29.64,67.74,,,0,No Trade,0,,"28,572.50",,0
NIFTY BANK.NSE_IDX,Short,Fri,12/21/18,10:15:00 AM,27117.9,,12/21/18,10:15:00 AM,27100,PE,12/27/18,,178.25,206.77,144.74,330.83,277.95,,71.18,Exit at 310,1779.5,,"30,352.00",,0
NIFTY BANK.NSE_IDX,Short,Wed,12/26/18,9:30:00 AM,26425,,12/26/18,9:30:00 AM,26400,PE,12/27/18,,98.25,113.97,79.78,182.35,,,0,No Trade,0,,"30,352.00",,0
NIFTY BANK.NSE_IDX,Long,Wed,12/26/18,1:45:00 PM,26864.4,,12/26/18,1:45:00 PM,26900,CE,12/27/18,,129.9,150.68,105.48,241.09,161.55,,10.87,Exit at 310,271.65,,"30,623.65",,0
NIFTY BANK.NSE_IDX,Short,Mon,12/31/18,9:15:00 AM,27170.35,,12/31/18,9:15:00 AM,27200,PE,1/3/19,,165,191.4,133.98,306.24,153.6,,-37.8,Exit at 310,-945,,"29,678.65",,-945
NIFTY BANK.NSE_IDX,Short,Tue,1/1/19,9:15:00 AM,27119.8,,1/1/19,9:15:00 AM,27100,PE,1/3/19,,139,161.24,112.87,257.98,112.8,,-48.44,SL,-1211,,"28,467.65",,"-2,156.00"
NIFTY BANK.NSE_IDX,Short,Thu,1/3/19,11:30:00 AM,27007.65,,1/3/19,11:30:00 AM,27000,PE,1/3/19,,58.45,67.8,47.46,108.48,47.5,,-20.3,SL,-507.55,,"27,960.10",,"-2,663.55"
NIFTY BANK.NSE_IDX,Long,Fri,1/4/19,11:30:00 AM,27148.25,,1/4/19,11:30:00 AM,27100,CE,1/10/19,,269.55,312.68,218.87,500.28,218.9,,-93.78,SL,-2344.45,,"25,615.65",,"-5,008.00"
NIFTY BANK.NSE_IDX,Long,Tue,1/8/19,2:00:00 PM,27455.5,,1/8/19,2:00:00 PM,27500,CE,1/10/19,,109.9,127.48,89.24,203.97,,,0,No Trade,0,,"25,615.65",,"-5,008.00"
NIFTY BANK.NSE_IDX,Short,Fri,1/11/19,10:30:00 AM,27480.7,,1/11/19,10:30:00 AM,27500,PE,1/17/19,,198,229.68,160.78,367.49,176.05,,-53.63,Exit at 310,-1340.75,,"24,274.90",,"-6,348.75"
NIFTY BANK.NSE_IDX,Short,Mon,1/14/19,9:15:00 AM,27254.95,,1/14/19,9:15:00 AM,27300,PE,1/17/19,,169.3,196.39,137.47,314.22,,,0,No Trade,0,,"24,274.90",,"-6,348.75"
NIFTY BANK.NSE_IDX,Long,Wed,1/16/19,9:45:00 AM,27520.65,,1/16/19,9:45:00 AM,27500,CE,1/17/19,,127.25,147.61,103.33,236.18,,,0,No Trade,0,,"24,274.90",,"-6,348.75"
NIFTY BANK.NSE_IDX,Short,Thu,1/17/19,11:45:00 AM,27468.9,,1/17/19,11:45:00 AM,27500,PE,1/17/19,,60.65,70.35,49.25,112.57,112.6,0.7,42.25,Target,1056.15,,"25,331.05",,"-5,292.60"
NIFTY BANK.NSE_IDX,Short,Mon,1/21/19,9:15:00 AM,27420.45,,1/21/19,9:15:00 AM,27400,PE,1/24/19,,150,174,121.8,278.4,,,0,No Trade,0,,"25,331.05",,"-5,292.60"
NIFTY BANK.NSE_IDX,Short,Mon,1/28/19,11:00:00 AM,26812.65,,1/28/19,11:00:00 AM,26800,PE,1/31/19,,169.95,197.14,138,315.43,275.5,,78.36,Exit at 310,1958.95,,"27,290.00",,"-3,333.65"
NIFTY BANK.NSE_IDX,Long,Thu,1/31/19,1:30:00 PM,27188.2,,1/31/19,1:30:00 PM,27200,CE,1/31/19,,37,42.92,30.04,68.67,30,,-12.92,SL,-323,,"26,967.00",,"-3,656.65"
NIFTY BANK.NSE_IDX,Long,Thu,2/7/19,1:45:00 PM,27528.95,,2/7/19,1:45:00 PM,27500,CE,2/7/19,,65.45,75.92,53.15,121.48,,,0,No Trade,0,,"26,967.00",,"-3,656.65"
NIFTY BANK.NSE_IDX,Long,Fri,2/8/19,2:00:00 PM,27439.55,,2/8/19,2:00:00 PM,27400,CE,2/14/19,,203.65,236.23,165.36,377.97,,,0,No Trade,0,,"26,967.00",,"-3,656.65"
NIFTY BANK.NSE_IDX,Long,Tue,2/12/19,10:45:00 AM,27254.65,,2/12/19,10:45:00 AM,27300,CE,2/14/19,,133.95,155.38,108.77,248.61,,,0,No Trade,0,,"26,967.00",,"-3,656.65"
NIFTY BANK.NSE_IDX,Short,Fri,2/15/19,9:15:00 AM,26861.15,,2/15/19,9:15:00 AM,26900,PE,2/21/19,,220.95,256.3,179.41,410.08,223.2,,-33.1,Exit at 310,-827.55,,"26,139.45",,"-4,484.20"
NIFTY BANK.NSE_IDX,Long,Tue,2/19/19,9:30:00 AM,26815.9,,2/19/19,9:30:00 AM,26800,CE,2/21/19,,172.05,199.58,139.7,319.32,139.7,,-59.88,SL,-1496.95,,"24,642.50",,"-5,981.15"
NIFTY BANK.NSE_IDX,Short,Fri,2/22/19,11:00:00 AM,26896.8,,2/22/19,11:00:00 AM,26900,PE,2/28/19,,144.5,167.62,117.33,268.19,153.8,,-13.82,Exit at 310,-345.5,,"24,297.00",,"-6,326.65"
NIFTY BANK.NSE_IDX,Long,Mon,2/25/19,12:45:00 PM,27039.35,,2/25/19,12:45:00 PM,27000,CE,2/28/19,,168.05,194.94,136.46,311.9,247.9,,52.96,Exit at 310,1324.05,,"25,621.05",,"-5,002.60"
NIFTY BANK.NSE_IDX,Long,Tue,2/26/19,12:30:00 PM,27028.7,,2/26/19,12:30:00 PM,27000,CE,2/28/19,,168.8,195.81,137.07,313.29,137.1,,-58.71,SL,-1467.7,,"24,153.35",,"-6,470.30"
NIFTY BANK.NSE_IDX,Short,Wed,2/27/19,12:00:00 PM,26752.05,,2/27/19,12:00:00 PM,26800,PE,2/28/19,,208.1,241.4,168.98,386.23,,,0,No Trade,0,,"24,153.35",,"-6,470.30"
NIFTY BANK.NSE_IDX,Long,Fri,3/1/19,10:00:00 AM,27030.05,,3/1/19,10:00:00 AM,27000,CE,3/7/19,,212.4,246.38,172.47,394.21,234.45,,-11.93,Exit at 310,-298.35,,"23,855.00",,"-6,768.65"
NIFTY BANK.NSE_IDX,Long,Tue,3/5/19,11:30:00 AM,27153.8,,3/5/19,11:30:00 AM,27200,CE,3/7/19,,106.4,123.42,86.4,197.48,197.4,366.2,73.98,Target,1849.4,,"25,704.40",,"-4,919.25"
NIFTY BANK.NSE_IDX,Long,Mon,3/11/19,9:15:00 AM,27939.65,,3/11/19,9:15:00 AM,27900,CE,3/14/19,,181.75,210.83,147.58,337.33,200.3,,-10.53,Exit at 310,-263.25,,"25,441.15",,"-5,182.50"
NIFTY BANK.NSE_IDX,Long,Tue,3/12/19,10:30:00 AM,28351.15,,3/12/19,10:30:00 AM,28400,CE,3/14/19,,110.8,128.53,89.97,205.64,169,,40.47,Exit at 310,1011.8,,"26,452.95",,"-4,170.70"
NIFTY BANK.NSE_IDX,Long,Wed,3/13/19,1:15:00 PM,28703.2,,3/13/19,1:15:00 PM,28700,CE,3/14/19,,96,111.36,77.95,178.18,178.2,212.3,66.84,Target,1671,,"28,123.95",,"-2,499.70"
NIFTY BANK.NSE_IDX,Long,Fri,3/15/19,9:15:00 AM,29241.8,,3/15/19,9:15:00 AM,29200,CE,3/21/19,,252.95,293.42,205.4,469.48,469.4,331.9,175.98,Target,4399.45,,"32,523.40",,0
NIFTY BANK.NSE_IDX,Short,Fri,3/22/19,11:15:00 AM,29717.4,,3/22/19,11:15:00 AM,29700,PE,3/28/19,,210.5,244.18,170.93,390.69,256.5,,12.32,Exit at 310,308,,"32,831.40",,0
NIFTY BANK.NSE_IDX,Long,Tue,3/26/19,9:30:00 AM,29431.3,,3/26/19,9:30:00 AM,29400,CE,3/28/19,,181.3,210.31,147.22,336.49,336.5,543.8,126.19,Target,3154.8,,"35,986.20",,0
NIFTY BANK.NSE_IDX,Long,Thu,3/28/19,1:30:00 PM,30317.45,,3/28/19,1:30:00 PM,30300,CE,3/28/19,,55.2,64.03,44.82,102.45,102.4,96.55,38.37,Target,959.2,,"36,945.40",,0
NIFTY BANK.NSE_IDX,Short,Mon,4/8/19,1:00:00 PM,30021.9,,4/8/19,1:00:00 PM,30000,PE,4/11/19,,170.45,197.72,138.41,316.36,316.3,264,118.58,Target,2964.45,,"39,909.85",,0
NIFTY BANK.NSE_IDX,Long,Mon,4/15/19,12:00:00 PM,30153.2,,4/15/19,12:00:00 PM,30200,CE,4/18/19,,148.45,172.2,120.54,275.52,,,0,No Trade,0,,"39,909.85",,0
NIFTY BANK.NSE_IDX,Long,Tue,4/16/19,10:00:00 AM,30393,,4/16/19,10:00:00 AM,30400,CE,4/18/19,,127.75,148.19,103.73,237.1,237.2,189.9,89.01,Target,2225.25,,"42,135.10",,0
NIFTY BANK.NSE_IDX,Short,Thu,4/18/19,9:30:00 AM,30453.55,,4/18/19,9:30:00 AM,30500,PE,4/18/19,,81.8,94.89,66.42,151.82,151.9,231.15,57.01,Target,1425.3,,"43,560.40",,0
NIFTY BANK.NSE_IDX,Short,Mon,4/22/19,9:30:00 AM,29939,,4/22/19,9:30:00 AM,29900,PE,4/25/19,,190.95,221.5,155.05,354.4,273.6,,52.1,Exit at 310,1302.45,,"44,862.85",,0
NIFTY BANK.NSE_IDX,Long,Thu,5/2/19,10:00:00 AM,29868.6,,5/2/19,10:00:00 AM,29900,CE,5/2/19,,74.65,86.59,60.62,138.55,60.6,,-25.99,SL,-649.85,,"44,213.00",,-649.85
NIFTY BANK.NSE_IDX,Long,Fri,5/3/19,12:30:00 PM,30028.95,,5/3/19,12:30:00 PM,30000,CE,5/9/19,,233.35,270.69,189.48,433.1,189.5,,-81.19,SL,-2029.65,,"42,183.35",,"-2,679.50"
NIFTY BANK.NSE_IDX,Long,Fri,5/10/19,11:00:00 AM,29097.55,,5/10/19,11:00:00 AM,29100,CE,5/16/19,,281.35,326.37,228.46,522.19,,,0,No Trade,0,,"42,183.35",,"-2,679.50"
NIFTY BANK.NSE_IDX,Long,Tue,5/14/19,2:00:00 PM,28967,,5/14/19,2:00:00 PM,29000,CE,5/16/19,,212.6,246.62,172.63,394.59,172.6,,-74.02,SL,-1850.4,,"40,332.95",,"-4,529.90"
NIFTY BANK.NSE_IDX,Long,Fri,5/17/19,12:45:00 PM,29190.75,,5/17/19,12:45:00 PM,29200,CE,5/23/19,,695.35,806.61,564.62,"1,290.57",890.45,,83.84,Exit at 310,2096.1,,"42,429.05",,"-2,433.80"
NIFTY BANK.NSE_IDX,Long,Mon,5/20/19,2:00:00 PM,30695.7,,5/20/19,2:00:00 PM,30700,CE,5/23/19,,672.6,780.22,546.15,"1,248.35",,,0,No Trade,0,,"42,429.05",,"-2,433.80"
NIFTY BANK.NSE_IDX,Short,Tue,5/21/19,1:00:00 PM,30479.2,,5/21/19,1:00:00 PM,30500,PE,5/23/19,,616.05,714.62,500.23,"1,143.39",,,0,No Trade,0,,"42,429.05",,"-2,433.80"
NIFTY BANK.NSE_IDX,Long,Thu,5/23/19,9:45:00 AM,31324.15,,5/23/19,9:45:00 AM,31300,CE,5/23/19,,287.1,333.04,233.13,532.86,233.1,,-99.94,SL,-2498.4,,"39,930.65",,"-4,932.20"
NIFTY BANK.NSE_IDX,Short,Thu,5/23/19,12:15:00 PM,30827.1,,5/23/19,12:15:00 PM,30800,PE,5/23/19,,136,157.76,110.43,252.42,110.5,,-47.26,SL,-1181.5,,"38,749.15",,"-6,113.70"
NIFTY BANK.NSE_IDX,Long,Thu,5/30/19,10:00:00 AM,31433.75,,5/30/19,10:00:00 AM,31400,CE,5/30/19,,101.35,117.57,82.3,188.11,188.2,100,70.63,Target,1765.85,,"40,515.00",,"-4,347.85"
NIFTY BANK.NSE_IDX,Short,Fri,5/31/19,11:45:00 AM,31377.15,,5/31/19,11:45:00 AM,31400,PE,6/6/19,,337.5,391.5,274.05,626.4,274.1,,-117.4,SL,-2935,,"37,580.00",,"-7,282.85"
NIFTY BANK.NSE_IDX,Short,Thu,6/6/19,11:15:00 AM,31373.9,,6/6/19,11:15:00 AM,31400,PE,6/6/19,,96.35,111.77,78.24,178.83,78.3,,-33.47,SL,-836.65,,"36,743.35",,"-8,119.50"
NIFTY BANK.NSE_IDX,Short,Mon,6/10/19,11:30:00 AM,30944.4,,6/10/19,11:30:00 AM,30900,PE,6/13/19,,228.25,264.77,185.34,423.63,,,0,No Trade,0,,"36,743.35",,"-8,119.50"
NIFTY BANK.NSE_IDX,Short,Wed,6/12/19,11:00:00 AM,30965.7,,6/12/19,11:00:00 AM,31000,PE,6/13/19,,160.55,186.24,130.37,297.98,,,0,No Trade,0,,"36,743.35",,"-8,119.50"
NIFTY BANK.NSE_IDX,Short,Thu,6/13/19,11:00:00 AM,30678.35,,6/13/19,11:00:00 AM,30700,PE,6/13/19,,78,90.48,63.34,144.77,,,0,No Trade,0,,"36,743.35",,"-8,119.50"
NIFTY BANK.NSE_IDX,Short,Fri,6/14/19,11:00:00 AM,30763.55,,6/14/19,11:00:00 AM,30800,PE,6/20/19,,267.5,310.3,217.21,496.48,368.25,,57.95,Exit at 310,1448.75,,"38,192.10",,"-6,670.75"
NIFTY BANK.NSE_IDX,Short,Mon,6/17/19,11:45:00 AM,30395.1,,6/17/19,11:45:00 AM,30400,PE,6/20/19,,228.8,265.41,185.79,424.65,247.05,,-18.36,Exit at 310,-458.95,,"37,733.15",,"-7,129.70"
NIFTY BANK.NSE_IDX,Long,Thu,6/20/19,2:00:00 PM,30676.9,,6/20/19,2:00:00 PM,30700,CE,6/20/19,,27.25,31.61,22.13,50.58,22.1,,-9.51,SL,-237.75,,"37,495.40",,"-7,367.45"
NIFTY BANK.NSE_IDX,Long,Tue,6/25/19,2:00:00 PM,30816.25,,6/25/19,2:00:00 PM,30800,CE,6/27/19,,197.25,228.81,160.17,366.1,213.35,,-15.46,Exit at 310,-386.5,,"37,108.90",,"-7,753.95"
NIFTY BANK.NSE_IDX,Long,Wed,6/26/19,2:00:00 PM,31074.05,,6/26/19,2:00:00 PM,31100,CE,6/27/19,,104.4,121.1,84.77,193.77,150.3,,29.2,Exit at 310,729.9,,"37,838.80",,"-7,024.05"
NIFTY BANK.NSE_IDX,Long,Thu,6/27/19,1:00:00 PM,31442.3,,6/27/19,1:00:00 PM,31400,CE,6/27/19,,85.45,99.12,69.39,158.6,69.4,,-29.72,SL,-743.05,,"37,095.75",,"-7,767.10"
NIFTY BANK.NSE_IDX,Short,Fri,6/28/19,10:45:00 AM,31116.65,,6/28/19,10:45:00 AM,31100,PE,7/4/19,,216.25,250.85,175.6,401.36,,,0,No Trade,0,,"37,095.75",,"-7,767.10"
NIFTY BANK.NSE_IDX,Long,Mon,7/1/19,2:00:00 PM,31424.2,,7/1/19,2:00:00 PM,31400,CE,7/4/19,,229,265.64,185.95,425.02,,,0,No Trade,0,,"37,095.75",,"-7,767.10"
NIFTY BANK.NSE_IDX,Short,Tue,7/2/19,9:15:00 AM,31313.55,,7/2/19,9:15:00 AM,31300,PE,7/4/19,,157.15,182.29,127.61,291.67,127.6,,-54.69,SL,-1367.35,,"35,728.40",,"-9,134.45"
NIFTY BANK.NSE_IDX,Short,Fri,7/5/19,1:15:00 PM,31363.8,,7/5/19,1:15:00 PM,31400,PE,7/11/19,,282.05,327.18,229.02,523.48,,,0,No Trade,0,,"35,728.40",,"-9,134.45"
NIFTY BANK.NSE_IDX,Short,Mon,7/8/19,9:15:00 AM,31100.6,,7/8/19,9:15:00 AM,31100,PE,7/11/19,,174.2,202.07,141.45,323.32,323.3,500,121.23,Target,3030.7,,"38,759.10",,"-6,103.75"
NIFTY BANK.NSE_IDX,Short,Fri,7/12/19,9:15:00 AM,30671,,7/12/19,9:15:00 AM,30700,PE,7/18/19,,223.15,258.85,181.2,414.17,181.2,,-77.65,SL,-1941.35,,"36,817.75",,"-8,045.10"
NIFTY BANK.NSE_IDX,Short,Mon,7/15/19,10:00:00 AM,30483.5,,7/15/19,10:00:00 AM,30500,PE,7/18/19,,186.25,216.05,151.24,345.68,188.45,,-27.6,Exit at 310,-690,,"36,127.75",,"-8,735.10"
NIFTY BANK.NSE_IDX,Long,Wed,7/17/19,10:15:00 AM,30754.6,,7/17/19,10:15:00 AM,30800,CE,7/18/19,,67.85,78.71,55.09,125.93,55.1,,-23.61,SL,-590.15,,"35,537.60",,"-9,325.25"
NIFTY BANK.NSE_IDX,Short,Thu,7/18/19,1:45:00 PM,30489.6,,7/18/19,1:45:00 PM,30500,PE,7/18/19,,39.1,45.36,31.75,72.57,,,0,No Trade,0,,"35,537.60",,"-9,325.25"
NIFTY BANK.NSE_IDX,Short,Fri,7/19/19,9:45:00 AM,30279.55,,7/19/19,9:45:00 AM,30300,PE,7/25/19,,231.5,268.54,187.98,429.66,429.5,595.9,160.96,Target,4024,,"39,561.60",,"-5,301.25"
NIFTY BANK.NSE_IDX,Short,Wed,7/24/19,10:30:00 AM,28926.75,,7/24/19,10:30:00 AM,28900,PE,7/25/19,,97.95,113.62,79.54,181.8,,,0,No Trade,0,,"39,561.60",,"-5,301.25"
NIFTY BANK.NSE_IDX,Long,Thu,7/25/19,9:30:00 AM,29225.15,,7/25/19,9:30:00 AM,29200,CE,7/25/19,,92.5,107.3,75.11,171.68,,,0,No Trade,0,,"39,561.60",,"-5,301.25"
NIFTY BANK.NSE_IDX,Long,Fri,7/26/19,11:15:00 AM,29270.95,,7/26/19,11:15:00 AM,29300,CE,8/1/19,,210.35,244.01,170.8,390.41,213.6,,-30.41,Exit at 310,-760.15,,"38,801.45",,"-6,061.40"
NIFTY BANK.NSE_IDX,Short,Mon,7/29/19,9:15:00 AM,29364.2,,7/29/19,9:15:00 AM,29400,PE,8/1/19,,210.35,244.01,170.8,390.41,223,,-21.01,Exit at 310,-525.15,,"38,276.30",,"-6,586.55"
NIFTY BANK.NSE_IDX,Short,Tue,7/30/19,2:00:00 PM,29109.45,,7/30/19,2:00:00 PM,29100,PE,8/1/19,,147.75,171.39,119.97,274.22,374.95,,203.56,No Trade,5089,,"43,365.30",,"-1,497.55"
NIFTY BANK.NSE_IDX,Short,Thu,8/1/19,1:00:00 PM,28432.65,,8/1/19,1:00:00 PM,28400,PE,8/1/19,,34.05,39.5,27.65,63.2,27.7,,-11.8,SL,-294.95,,"43,070.35",,"-1,792.50"
NIFTY BANK.NSE_IDX,Short,Mon,8/5/19,9:30:00 AM,27458.45,,8/5/19,9:30:00 AM,27500,PE,8/8/19,,328.15,380.65,266.46,609.05,266.5,,-114.15,SL,-2853.85,,"40,216.50",,"-4,646.35"
NIFTY BANK.NSE_IDX,Long,Tue,8/6/19,9:15:00 AM,27873.4,,8/6/19,9:15:00 AM,27900,CE,8/8/19,,292.1,338.84,237.19,542.14,289.35,,-49.49,Exit at 310,-1237.15,,"38,979.35",,"-5,883.50"
NIFTY BANK.NSE_IDX,Short,Thu,8/8/19,9:30:00 AM,27545.45,,8/8/19,9:30:00 AM,27500,PE,8/8/19,,97.3,112.87,79.01,180.59,,,0,No Trade,0,,"38,979.35",,"-5,883.50"
NIFTY BANK.NSE_IDX,Short,Tue,8/13/19,9:15:00 AM,28107.25,,8/13/19,9:15:00 AM,28100,PE,8/15/19,,151,175.16,122.61,280.26,280.4,406.35,105.24,Target,2631,,"41,610.35",,"-3,252.50"
NIFTY BANK.NSE_IDX,Long,Fri,8/16/19,12:00:00 PM,28140.5,,8/16/19,12:00:00 PM,28100,CE,8/22/19,,302.85,351.31,245.91,562.09,245.9,,-105.41,SL,-2635.15,,"38,975.20",,"-5,887.65"
NIFTY BANK.NSE_IDX,Short,Tue,8/20/19,9:45:00 AM,27987.35,,8/20/19,9:45:00 AM,28000,PE,8/22/19,,225.85,261.99,183.39,419.18,183.4,,-78.59,SL,-1964.65,,"37,010.55",,"-7,852.30"
NIFTY BANK.NSE_IDX,Short,Wed,8/21/19,1:30:00 PM,27785,,8/21/19,1:30:00 PM,27800,PE,8/22/19,,166.55,193.2,135.24,309.12,161.4,,-31.8,Exit at 310,-794.95,,"36,215.60",,"-8,647.25"
NIFTY BANK.NSE_IDX,Short,Thu,8/22/19,10:30:00 AM,27429.45,,8/22/19,10:30:00 AM,27400,PE,8/22/19,,79.15,91.81,64.27,146.9,146.8,346.15,54.99,Target,1374.65,,"37,590.25",,"-7,272.60"
NIFTY BANK.NSE_IDX,Short,Mon,8/26/19,9:30:00 AM,27251,,8/26/19,9:30:00 AM,27300,PE,8/29/19,,348.9,404.72,283.31,647.56,283.3,,-121.42,SL,-3035.6,,"34,554.65",,"-10,308.20"
NIFTY BANK.NSE_IDX,Short,Wed,8/28/19,10:30:00 AM,27896.2,,8/28/19,10:30:00 AM,27900,PE,8/29/19,,186.85,216.75,151.72,346.79,151.7,,-65.05,SL,-1626.15,,"32,928.50",,"-11,934.35"
NIFTY BANK.NSE_IDX,Short,Thu,8/29/19,12:00:00 PM,27392.5,,8/29/19,12:00:00 PM,27400,PE,8/29/19,,112.9,130.96,91.67,209.54,91.7,,-39.26,SL,-981.6,,"31,946.90",,"-12,915.95"
NIFTY BANK.NSE_IDX,Short,Tue,9/3/19,9:30:00 AM,26968.6,,9/3/19,9:30:00 AM,27000,PE,9/5/19,,252.7,293.13,205.19,469.01,292.95,,-0.18,Exit at 310,-4.55,,"31,942.35",,"-12,920.50"
NIFTY BANK.NSE_IDX,Long,Wed,9/4/19,12:15:00 PM,27082.25,,9/4/19,12:15:00 PM,27100,CE,9/5/19,,178.8,207.41,145.19,331.85,145.2,,-62.21,SL,-1555.2,,"30,387.15",,"-14,475.70"
NIFTY BANK.NSE_IDX,Long,Fri,9/6/19,11:00:00 AM,27205.05,,9/6/19,11:00:00 AM,27200,CE,9/12/19,,324.3,376.19,263.33,601.9,,,0,No Trade,0,,"30,387.15",,"-14,475.70"
NIFTY BANK.NSE_IDX,Short,Mon,9/9/19,9:15:00 AM,27040,,9/9/19,9:15:00 AM,27000,PE,9/12/19,,214.85,249.23,174.46,398.76,,,0,No Trade,0,,"30,387.15",,"-14,475.70"
NIFTY BANK.NSE_IDX,Long,Mon,9/9/19,10:30:00 AM,27442.5,,9/9/19,10:30:00 AM,27400,CE,9/12/19,,248.75,288.55,201.99,461.68,202,,-86.55,SL,-2163.75,,"28,223.40",,"-16,639.45"
NIFTY BANK.NSE_IDX,Long,Thu,9/12/19,9:45:00 AM,28055.9,,9/12/19,9:45:00 AM,28100,CE,9/12/19,,58.6,67.98,47.58,108.76,,,0,No Trade,0,,"28,223.40",,"-16,639.45"
NIFTY BANK.NSE_IDX,Short,Fri,9/13/19,10:00:00 AM,27602.6,,9/13/19,10:00:00 AM,27600,PE,9/19/19,,271,314.36,220.05,502.98,,,0,No Trade,0,,"28,223.40",,"-16,639.45"
NIFTY BANK.NSE_IDX,Short,Tue,9/17/19,12:00:00 PM,27618.25,,9/17/19,12:00:00 PM,27600,PE,9/19/19,,179.75,208.51,145.96,333.62,333.7,,125.19,Target,3129.75,,"31,353.15",,"-13,509.70"
NIFTY BANK.NSE_IDX,Short,Thu,9/19/19,9:15:00 AM,26929.6,,9/19/19,9:15:00 AM,26900,PE,9/19/19,,110.5,128.18,89.73,205.09,89.7,,-38.48,SL,-962,,"30,391.15",,"-14,471.70"
NIFTY BANK.NSE_IDX,Long,Fri,9/20/19,10:45:00 AM,27403.2,,9/20/19,10:45:00 AM,27400,CE,9/26/19,,287.2,333.15,233.21,533.04,533.2,1594.85,200.05,Target,5001.2,,"35,392.35",,"-9,470.50"
NIFTY BANK.NSE_IDX,Short,Wed,9/25/19,11:15:00 AM,29635.25,,9/25/19,11:15:00 AM,29600,PE,9/26/19,,163.05,189.14,132.4,302.62,148.25,,-40.89,Exit at 310,-1022.2,,"34,370.15",,"-10,492.70"
NIFTY BANK.NSE_IDX,Long,Thu,9/26/19,9:30:00 AM,29983.8,,9/26/19,9:30:00 AM,30000,CE,9/26/19,,152.3,176.67,123.67,282.67,282.7,14.65,106.03,Target,2650.8,,"37,020.95",,"-7,841.90"
NIFTY BANK.NSE_IDX,Short,Mon,9/30/19,9:30:00 AM,29254,,9/30/19,9:30:00 AM,29300,PE,10/3/19,,341,395.56,276.89,632.9,276.9,,-118.66,SL,-2966.5,,"34,054.45",,"-10,808.40"
NIFTY BANK.NSE_IDX,Short,Tue,10/1/19,1:30:00 PM,28695.35,,10/1/19,1:30:00 PM,28700,PE,10/3/19,,220,255.2,178.64,408.32,408.4,243.05,153.2,Target,3830,,"37,884.45",,"-6,978.40"
NIFTY BANK.NSE_IDX,Short,Fri,10/4/19,11:45:00 AM,28229.5,,10/4/19,11:45:00 AM,28200,PE,10/10/19,,430.05,498.86,349.2,798.17,657.2,,158.34,Exit at 310,3958.55,,"41,843.00",,"-3,019.85"
NIFTY BANK.NSE_IDX,Long,Wed,10/9/19,12:00:00 PM,28306.8,,10/9/19,12:00:00 PM,28300,CE,10/10/19,,241.7,280.37,196.26,448.6,448.6,570,168.23,Target,4205.7,,"46,048.70",,0
NIFTY BANK.NSE_IDX,Short,Fri,10/11/19,11:30:00 AM,27893.55,,10/11/19,11:30:00 AM,27900,PE,10/17/19,,499.1,578.96,405.27,926.33,,,0,No Trade,0,,"46,048.70",,0
NIFTY BANK.NSE_IDX,Short,Wed,10/16/19,1:15:00 PM,28385.85,,10/16/19,1:15:00 PM,28400,PE,10/17/19,,243.9,282.92,198.05,452.68,198,,-84.92,SL,-2123.1,,"43,925.60",,"-2,123.10"
NIFTY BANK.NSE_IDX,Long,Thu,10/17/19,1:00:00 PM,28866.05,,10/17/19,1:00:00 PM,28900,CE,10/17/19,,74,85.84,60.09,137.34,60.1,,-25.74,SL,-643.5,,"43,282.10",,"-2,766.60"
NIFTY BANK.NSE_IDX,Short,Thu,10/24/19,10:15:00 AM,29354.1,,10/24/19,10:15:00 AM,29400,PE,10/24/19,,166.6,193.26,135.28,309.21,135.3,,-57.96,SL,-1448.9,,"41,833.20",,"-4,215.50"
NIFTY BANK.NSE_IDX,Long,Tue,10/29/19,11:15:00 AM,29891.55,,10/29/19,11:15:00 AM,29900,CE,10/31/19,,298.75,346.55,242.59,554.48,,,0,No Trade,0,,"41,833.20",,"-4,215.50"
NIFTY BANK.NSE_IDX,Long,Thu,10/31/19,1:45:00 PM,30394.1,,10/31/19,1:45:00 PM,30400,CE,10/31/19,,60.8,70.53,49.37,112.84,,,0,No Trade,0,,"41,833.20",,"-4,215.50"
NIFTY BANK.NSE_IDX,Short,Tue,11/5/19,1:00:00 PM,30146.75,,11/5/19,1:00:00 PM,30100,PE,11/7/19,,204.7,237.45,166.22,379.92,,,0,No Trade,0,,"41,833.20",,"-4,215.50"
NIFTY BANK.NSE_IDX,Long,Wed,11/6/19,11:30:00 AM,30418.15,,11/6/19,11:30:00 AM,30400,CE,11/7/19,,180.4,209.26,146.48,334.82,334.9,262.7,125.64,Target,3140.9,,"44,974.10",,"-1,074.60"
NIFTY BANK.NSE_IDX,Long,Fri,11/8/19,11:45:00 AM,30787.6,,11/8/19,11:45:00 AM,30800,CE,11/14/19,,259,300.44,210.31,480.7,244.6,,-55.84,Exit at 310,-1396,,"43,578.10",,"-2,470.60"
NIFTY BANK.NSE_IDX,Long,Fri,11/15/19,2:00:00 PM,31124.35,,11/15/19,2:00:00 PM,31100,CE,11/21/19,,295.6,342.9,240.03,548.63,,,0,No Trade,0,,"43,578.10",,"-2,470.60"
NIFTY BANK.NSE_IDX,Short,Thu,11/21/19,10:30:00 AM,31278.85,,11/21/19,10:30:00 AM,31300,PE,11/21/19,,121.55,141,98.7,225.6,,,0,No Trade,0,,"43,578.10",,"-2,470.60"
NIFTY BANK.NSE_IDX,Short,Fri,11/22/19,9:30:00 AM,31255,,11/22/19,9:30:00 AM,31300,PE,11/28/19,,292,338.72,237.1,541.95,358.25,,19.53,Exit at 310,488.25,,"44,066.35",,"-1,982.35"
NIFTY BANK.NSE_IDX,Long,Mon,11/25/19,10:30:00 AM,31320.75,,11/25/19,10:30:00 AM,31300,CE,11/28/19,,205.3,238.15,166.7,381.04,367.8,,129.65,Exit at 310,3241.3,,"47,307.65",,0
NIFTY BANK.NSE_IDX,Long,Thu,11/28/19,12:15:00 PM,32110.55,,11/28/19,12:15:00 PM,32100,CE,11/28/19,,74.05,85.9,60.13,137.44,,,0,No Trade,0,,"47,307.65",,0
NIFTY BANK.NSE_IDX,Short,Fri,11/29/19,11:00:00 AM,31904.5,,11/29/19,11:00:00 AM,31900,PE,12/5/19,,243.6,282.58,197.8,452.12,197.8,,-84.78,SL,-2119.4,,"45,188.25",,"-2,119.40"
NIFTY BANK.NSE_IDX,Short,Mon,12/2/19,10:15:00 AM,31833.25,,12/2/19,10:15:00 AM,31800,PE,12/5/19,,222,257.52,180.26,412.03,,,0,No Trade,0,,"45,188.25",,"-2,119.40"
NIFTY BANK.NSE_IDX,Short,Tue,12/3/19,9:45:00 AM,31745.05,,12/3/19,9:45:00 AM,31700,PE,12/5/19,,162.3,188.27,131.79,301.23,205.85,,17.58,Exit at 310,439.55,,"45,627.80",,"-1,679.85"
NIFTY BANK.NSE_IDX,Long,Wed,12/4/19,10:00:00 AM,31858.95,,12/4/19,10:00:00 AM,31900,CE,12/5/19,,132.05,153.18,107.22,245.08,203.3,,50.12,Exit at 310,1253.05,,"46,880.85",,-426.8
NIFTY BANK.NSE_IDX,Short,Fri,12/6/19,1:00:00 PM,31505.1,,12/6/19,1:00:00 PM,31500,PE,12/12/19,,229.2,265.87,186.11,425.4,321.25,,55.38,Exit at 310,1384.45,,"48,265.30",,0
NIFTY BANK.NSE_IDX,Long,Fri,12/13/19,12:45:00 PM,32023.3,,12/13/19,12:45:00 PM,32000,CE,12/19/19,,308.2,357.51,250.26,572.02,316.5,,-41.01,Exit at 310,-1025.3,,"47,240.00",,"-1,025.30"
NIFTY BANK.NSE_IDX,Short,Mon,12/16/19,9:30:00 AM,31965.1,,12/16/19,9:30:00 AM,32000,PE,12/19/19,,250.9,291.04,203.73,465.67,,,0,No Trade,0,,"47,240.00",,"-1,025.30"
NIFTY BANK.NSE_IDX,Short,Wed,12/18/19,9:15:00 AM,32163.6,,12/18/19,9:15:00 AM,32200,PE,12/19/19,,176.75,205.03,143.52,328.05,143.5,,-61.53,SL,-1538.25,,"45,701.75",,"-2,563.55"
NIFTY BANK.NSE_IDX,Short,Thu,12/19/19,9:30:00 AM,32113.75,,12/19/19,9:30:00 AM,32100,PE,12/19/19,,78.45,91,63.7,145.6,,,0,No Trade,0,,"45,701.75",,"-2,563.55"
NIFTY BANK.NSE_IDX,Short,Thu,12/26/19,11:30:00 AM,32179.05,,12/26/19,11:30:00 AM,32200,PE,12/26/19,,60.55,70.24,49.17,112.38,49.1,,-21.14,SL,-528.45,,"45,173.30",,"-3,092.00"
NIFTY BANK.NSE_IDX,Long,Fri,12/27/19,1:15:00 PM,32391.3,,12/27/19,1:15:00 PM,32400,CE,1/2/20,,205.95,238.9,167.23,382.24,,,0,No Trade,0,,"45,173.30",,"-3,092.00"
NIFTY BANK.NSE_IDX,Short,Mon,12/30/19,12:30:00 PM,32274.8,,12/30/19,12:30:00 PM,32300,PE,1/2/20,,154.25,178.93,125.25,286.29,,,0,No Trade,0,,"45,173.30",,"-3,092.00"
NIFTY BANK.NSE_IDX,Short,Wed,1/1/20,10:45:00 AM,32106.75,,1/1/20,10:45:00 AM,32100,PE,1/2/20,,85.85,99.59,69.71,159.34,69.7,,-29.89,SL,-747.15,,"44,426.15",,"-3,839.15"
NIFTY BANK.NSE_IDX,Long,Thu,1/2/20,1:15:00 PM,32321.65,,1/2/20,1:15:00 PM,32300,CE,1/2/20,,46.85,54.35,38.04,86.95,86.9,134.25,32.55,Target,813.85,,"45,240.00",,"-3,025.30"
NIFTY BANK.NSE_IDX,Short,Fri,1/3/20,11:00:00 AM,32139.6,,1/3/20,11:00:00 AM,32100,PE,1/9/20,,217.5,252.3,176.61,403.68,239,,-13.3,Exit at 310,-332.5,,"44,907.50",,"-3,357.80"
NIFTY BANK.NSE_IDX,Short,Mon,1/6/20,9:15:00 AM,31583.65,,1/6/20,9:15:00 AM,31600,PE,1/9/20,,297.85,345.51,241.85,552.81,417.95,,72.44,Exit at 310,1811.1,,"46,718.60",,"-1,546.70"
NIFTY BANK.NSE_IDX,Long,Thu,1/9/20,12:30:00 PM,32055.6,,1/9/20,12:30:00 PM,32100,CE,1/9/20,,43.1,50,35,79.99,80,11.85,30,Target,750.1,,"47,468.70",,-796.6
NIFTY BANK.NSE_IDX,Short,Tue,1/14/20,10:30:00 AM,32026.65,,1/14/20,10:30:00 AM,32000,PE,1/16/20,,196.55,228,159.6,364.8,,,0,No Trade,0,,"47,468.70",,-796.6
NIFTY BANK.NSE_IDX,Short,Wed,1/15/20,9:15:00 AM,31835.2,,1/15/20,9:15:00 AM,31800,PE,1/16/20,,130.6,151.5,106.05,242.39,106.1,,-45.4,SL,-1134.9,,"46,333.80",,"-1,931.50"
NIFTY BANK.NSE_IDX,Long,Fri,1/17/20,9:45:00 AM,31685.35,,1/17/20,9:45:00 AM,31700,CE,1/23/20,,296.5,343.94,240.76,550.3,,,0,No Trade,0,,"46,333.80",,"-1,931.50"
NIFTY BANK.NSE_IDX,Short,Mon,1/20/20,9:15:00 AM,31624.75,,1/20/20,9:15:00 AM,31600,PE,1/23/20,,219.65,254.79,178.36,407.67,407.6,527.9,152.81,Target,3820.15,,"50,153.95",,0
NIFTY BANK.NSE_IDX,Short,Wed,1/22/20,10:15:00 AM,30763.2,,1/22/20,10:15:00 AM,30800,PE,1/23/20,,148.65,172.43,120.7,275.89,160.9,,-11.53,Exit at 310,-288.35,,"49,865.60",,-288.35
NIFTY BANK.NSE_IDX,Long,Thu,1/23/20,1:00:00 PM,31065.15,,1/23/20,1:00:00 PM,31100,CE,1/23/20,,30.2,35.03,24.52,56.05,24.5,,-10.53,SL,-263.3,,"49,602.30",,-551.65
NIFTY BANK.NSE_IDX,Long,Fri,1/24/20,1:00:00 PM,31303.5,,1/24/20,1:00:00 PM,31300,CE,1/30/20,,285.05,330.66,231.46,529.05,,,0,No Trade,0,,"49,602.30",,-551.65
NIFTY BANK.NSE_IDX,Short,Thu,1/30/20,9:15:00 AM,30712.1,,1/30/20,9:15:00 AM,30700,PE,1/30/20,,81.3,94.31,66.02,150.89,150.9,32.85,56.59,Target,1414.8,,"51,017.10",,0
NIFTY BANK.NSE_IDX,Short,Fri,1/31/20,11:30:00 AM,30711.2,,1/31/20,11:30:00 AM,30700,PE,2/6/20,,469.85,545.03,381.52,872.04,,,0,No Trade,0,,"51,017.10",,0
NIFTY BANK.NSE_IDX,Short,Sat,2/1/20,1:15:00 PM,30159.45,,2/1/20,1:15:00 PM,30200,PE,2/6/20,,420,487.2,341.04,779.52,341,,-146.2,SL,-3655,,"47,362.10",,"-3,655.00"
NIFTY BANK.NSE_IDX,Long,Tue,2/4/20,10:45:00 AM,30636.45,,2/4/20,10:45:00 AM,30600,CE,2/6/20,,204.85,237.63,166.34,380.2,225.7,,-11.93,Exit at 310,-298.15,,"47,063.95",,"-3,953.15"
NIFTY BANK.NSE_IDX,Long,Thu,2/6/20,12:30:00 PM,31316.7,,2/6/20,12:30:00 PM,31300,CE,2/6/20,,63.6,73.78,51.64,118.04,118,17.4,44.22,Target,1105.6,,"48,169.55",,"-2,847.55"
NIFTY BANK.NSE_IDX,Short,Mon,2/10/20,9:15:00 AM,31083.75,,2/10/20,9:15:00 AM,31100,PE,2/13/20,,262.05,303.98,212.78,486.36,,,0,No Trade,0,,"48,169.55",,"-2,847.55"
NIFTY BANK.NSE_IDX,Long,Tue,2/11/20,9:15:00 AM,31398.05,,2/11/20,9:15:00 AM,31400,CE,2/13/20,,176.25,204.45,143.12,327.12,143.2,,-61.25,SL,-1531.25,,"46,638.30",,"-4,378.80"
NIFTY BANK.NSE_IDX,Short,Thu,2/13/20,9:15:00 AM,31418.3,,2/13/20,9:15:00 AM,31400,PE,2/13/20,,71.15,82.53,57.77,132.05,131.9,169,49.37,Target,1234.15,,"47,872.45",,"-3,144.65"
NIFTY BANK.NSE_IDX,Short,Fri,2/14/20,10:45:00 AM,30947,,2/14/20,10:45:00 AM,30900,PE,2/20/20,,253.2,293.71,205.6,469.94,205.6,,-88.11,SL,-2202.8,,"45,669.65",,"-5,347.45"
NIFTY BANK.NSE_IDX,Short,Tue,2/18/20,9:30:00 AM,30471.75,,2/18/20,9:30:00 AM,30500,PE,2/20/20,,191.75,222.43,155.7,355.89,155.7,,-66.73,SL,-1668.25,,"44,001.40",,"-7,015.70"
NIFTY BANK.NSE_IDX,Short,Wed,2/19/20,10:15:00 AM,30652.8,,2/19/20,10:15:00 AM,30700,PE,2/20/20,,140.1,162.52,113.76,260.03,,,0,No Trade,0,,"44,001.40",,"-7,015.70"
NIFTY BANK.NSE_IDX,Long,Thu,2/20/20,11:45:00 AM,31072.95,,2/20/20,11:45:00 AM,31100,CE,2/20/20,,36,41.76,29.23,66.82,,,0,No Trade,0,,"44,001.40",,"-7,015.70"
NIFTY BANK.NSE_IDX,Short,Thu,2/27/20,9:30:00 AM,30050.05,,2/27/20,9:30:00 AM,30100,PE,2/27/20,,113.3,131.43,92,210.28,92,,-39.43,SL,-985.7,,"43,015.70",,"-8,001.40"
NIFTY BANK.NSE_IDX,Short,Fri,2/28/20,11:45:00 AM,29295.5,,2/28/20,11:45:00 AM,29300,PE,3/5/20,,403.75,468.35,327.85,749.36,525.9,,57.55,Exit at 310,1438.75,,"44,454.45",,"-6,562.65"
NIFTY BANK.NSE_IDX,Short,Mon,3/2/20,9:15:00 AM,29402.75,,3/2/20,9:15:00 AM,29400,PE,3/5/20,,356.15,413.13,289.19,661.01,660.9,709.4,247.77,Target,6194.15,,"50,648.60",,-368.5
NIFTY BANK.NSE_IDX,Short,Wed,3/4/20,10:00:00 AM,28925.3,,3/4/20,10:00:00 AM,28900,PE,3/5/20,,229.5,266.22,186.35,425.95,426,325.65,159.78,Target,3994.5,,"54,643.10",,0
NIFTY BANK.NSE_IDX,Long,Fri,3/6/20,1:45:00 PM,28016.15,,3/6/20,1:45:00 PM,28000,CE,3/12/20,,458.8,532.21,372.55,851.53,,,0,No Trade,0,,"54,643.10",,0
NIFTY BANK.NSE_IDX,Short,Mon,3/9/20,12:45:00 PM,26382.05,,3/9/20,12:45:00 PM,26400,PE,3/12/20,,510,591.6,414.12,946.56,414.1,,-177.5,SL,-4437.5,,"50,205.60",,"-4,437.50"
NIFTY BANK.NSE_IDX,Short,Thu,3/12/20,10:30:00 AM,24800.4,,3/12/20,10:30:00 AM,24800,PE,3/12/20,,168.85,195.87,137.11,313.39,313.5,894.15,117.63,Target,2940.85,,"53,146.45",,"-1,496.65"
NIFTY BANK.NSE_IDX,Short,Fri,3/13/20,9:15:00 AM,21397.45,,3/13/20,9:15:00 AM,21400,PE,3/19/20,,331.65,384.71,269.3,615.54,,,0,No Trade,0,,"53,146.45",,"-1,496.65"
NIFTY BANK.NSE_IDX,Long,Fri,3/13/20,10:30:00 AM,23849.8,,3/13/20,10:30:00 AM,23800,CE,3/19/20,,1070,"1,241.20",868.84,"1,985.92","1,220.55",,-20.65,Exit at 310,-516.25,,"52,630.20",,"-2,012.90"
NIFTY BANK.NSE_IDX,Short,Tue,3/17/20,9:15:00 AM,22676.45,,3/17/20,9:15:00 AM,22700,PE,3/19/20,,652,756.32,529.42,"1,210.11","1,210.10","1,197.85",453.78,Target,11344.5,,"63,974.70",,0
NIFTY BANK.NSE_IDX,Short,Wed,3/18/20,9:45:00 AM,21560.8,,3/18/20,9:45:00 AM,21600,PE,3/19/20,,261.65,303.51,212.46,485.62,212.5,,-91.01,SL,-2275.35,,"61,699.35",,"-2,275.35"
NIFTY BANK.NSE_IDX,Long,Thu,3/19/20,1:45:00 PM,20752.8,,3/19/20,1:45:00 PM,20800,CE,3/19/20,,1161.9,"1,347.80",943.46,"2,156.49","1,391.00",,43.2,Exit at 310,1079.9,,"62,779.25",,"-1,195.45"
NIFTY BANK.NSE_IDX,Short,Mon,3/23/20,10:45:00 AM,17394.65,,3/23/20,10:45:00 AM,17400,PE,3/26/20,,1180.3,"1,369.15",958.4,"2,190.64",,,0,No Trade,0,,"62,779.25",,"-1,195.45"
NIFTY BANK.NSE_IDX,Short,Tue,3/24/20,10:00:00 AM,16412.25,,3/24/20,10:00:00 AM,16400,PE,3/26/20,,675,783,548.1,"1,252.80",894.95,,111.95,Exit at 310,2798.75,,"65,578.00",,0
NIFTY BANK.NSE_IDX,Long,Wed,3/25/20,12:45:00 PM,17907.1,,3/25/20,12:45:00 PM,17900,CE,3/26/20,,279.5,324.22,226.95,518.75,226.9,,-97.32,SL,-2433,,"63,145.00",,"-2,433.00"
NIFTY BANK.NSE_IDX,Long,Thu,3/26/20,10:30:00 AM,20228.7,,3/26/20,10:30:00 AM,20200,CE,3/26/20,,264.95,307.34,215.14,491.75,491.7,0.4,184.36,Target,4608.95,,"67,753.95",,0
NIFTY BANK.NSE_IDX,Short,Wed,4/1/20,9:30:00 AM,18583,,4/1/20,9:30:00 AM,18600,PE,4/2/20,,764.65,886.99,620.9,"1,419.19",,,0,No Trade,0,,"67,753.95",,0
NIFTY BANK.NSE_IDX,Short,Fri,4/3/20,9:15:00 AM,17626,,4/3/20,9:15:00 AM,17600,PE,4/9/20,,354.55,411.28,287.89,658.04,658.1,803,246.82,Target,6170.55,,"73,924.50",,0
NIFTY BANK.NSE_IDX,Long,Wed,4/8/20,10:00:00 AM,19665.55,,4/8/20,10:00:00 AM,19700,CE,4/9/20,,694.35,805.45,563.81,"1,288.71",,,0,No Trade,0,,"73,924.50",,0
NIFTY BANK.NSE_IDX,Short,Mon,4/13/20,9:30:00 AM,19350.4,,4/13/20,9:30:00 AM,19400,PE,4/16/20,,415.3,481.75,337.22,770.8,770.7,542.6,288.95,Target,7223.8,,"81,148.30",,0
NIFTY BANK.NSE_IDX,Short,Wed,4/15/20,1:00:00 PM,19761.75,,4/15/20,1:00:00 PM,19800,PE,4/16/20,,655,759.8,531.86,"1,215.68",531.9,,-227.9,SL,-5697.5,,"75,450.80",,"-5,697.50"
NIFTY BANK.NSE_IDX,Short,Fri,4/17/20,10:45:00 AM,19938,,4/17/20,10:45:00 AM,19900,PE,4/23/20,,504.05,584.7,409.29,935.52,409.3,,-175.4,SL,-4384.95,,"71,065.85",,"-10,082.45"
NIFTY BANK.NSE_IDX,Short,Tue,4/21/20,12:30:00 PM,19410.9,,4/21/20,12:30:00 PM,19400,PE,4/23/20,,472.05,547.58,383.3,876.12,,,0,No Trade,0,,"71,065.85",,"-10,082.45"
NIFTY BANK.NSE_IDX,Long,Mon,4/27/20,10:15:00 AM,20147,,4/27/20,10:15:00 AM,20100,CE,4/30/20,,257.9,299.16,209.41,478.66,478.8,426,179.64,Target,4490.9,,"75,556.75",,"-5,591.55"
NIFTY BANK.NSE_IDX,Long,Wed,4/29/20,9:30:00 AM,20718.8,,4/29/20,9:30:00 AM,20700,CE,4/30/20,,633.5,734.86,514.4,"1,175.78",871.2,,136.34,Exit at 310,3408.5,,"78,965.25",,"-2,183.05"
NIFTY BANK.NSE_IDX,Short,Mon,5/4/20,9:30:00 AM,20133.7,,5/4/20,9:30:00 AM,20100,PE,5/7/20,,480,556.8,389.76,890.88,660.3,,103.5,Exit at 310,2587.5,,"81,552.75",,0
NIFTY BANK.NSE_IDX,Short,Tue,5/5/20,12:30:00 PM,19644.7,,5/5/20,12:30:00 PM,19600,PE,5/7/20,,556.9,646,452.2,"1,033.61",706,,60,Exit at 310,1499.9,,"83,052.65",,0
NIFTY BANK.NSE_IDX,Short,Fri,5/8/20,1:45:00 PM,19604.75,,5/8/20,1:45:00 PM,19600,PE,5/14/20,,427.65,496.07,347.25,793.72,570,,73.93,Exit at 310,1848.15,,"84,900.80",,0
NIFTY BANK.NSE_IDX,Short,Mon,5/11/20,1:45:00 PM,19193.55,,5/11/20,1:45:00 PM,19200,PE,5/14/20,,421.55,489,342.3,782.4,,,0,No Trade,0,,"84,900.80",,0
NIFTY BANK.NSE_IDX,Short,Wed,5/13/20,9:30:00 AM,19603,,5/13/20,9:30:00 AM,19600,PE,5/14/20,,535,620.6,434.42,992.96,572.1,,-48.5,Exit at 310,-1212.5,,"83,688.30",,"-1,212.50"
NIFTY BANK.NSE_IDX,Short,Fri,5/15/20,9:30:00 AM,18889.25,,5/15/20,9:30:00 AM,18900,PE,5/21/20,,449.45,521.36,364.95,834.18,834.2,572,312.84,Target,7820.95,,"91,509.25",,0
NIFTY BANK.NSE_IDX,Short,Mon,5/18/20,9:15:00 AM,18388.15,,5/18/20,9:15:00 AM,18400,PE,5/21/20,,443.15,514.05,359.84,822.49,,,0,No Trade,0,,"91,509.25",,0
NIFTY BANK.NSE_IDX,Short,Fri,5/22/20,10:45:00 AM,17148.5,,5/22/20,10:45:00 AM,17100,PE,5/28/20,,179,207.64,145.35,332.22,332.2,352.55,124.56,Target,3114,,"94,623.25",,0
NIFTY BANK.NSE_IDX,Long,Wed,5/27/20,10:30:00 AM,17859.05,,5/27/20,10:30:00 AM,17900,CE,5/28/20,,381.25,442.25,309.58,707.6,309.6,,-132.65,SL,-3316.25,,"91,307.00",,"-3,316.25"
NIFTY BANK.NSE_IDX,Long,Mon,6/1/20,9:45:00 AM,20110.8,,6/1/20,9:45:00 AM,20100,CE,6/4/20,,282.8,328.05,229.63,524.88,229.6,,-98.45,SL,-2461.2,,"88,845.80",,"-5,777.45"
NIFTY BANK.NSE_IDX,Long,Wed,6/3/20,1:45:00 PM,21430.2,,6/3/20,1:45:00 PM,21400,CE,6/4/20,,63.1,73.2,51.24,117.11,117.2,112.7,44,Target,1100.1,,"89,945.90",,"-4,677.35"
NIFTY BANK.NSE_IDX,Short,Thu,6/4/20,12:15:00 PM,20384.35,,6/4/20,12:15:00 PM,20400,PE,6/4/20,,523,606.68,424.68,970.69,,,0,No Trade,0,,"89,945.90",,"-4,677.35"
NIFTY BANK.NSE_IDX,Short,Mon,6/8/20,1:15:00 PM,21090.3,,6/8/20,1:15:00 PM,21100,PE,6/11/20,,132.6,153.82,107.67,246.11,107.7,,-46.12,SL,-1152.9,,"88,793.00",,"-5,830.25"
NIFTY BANK.NSE_IDX,Short,Thu,6/11/20,12:30:00 PM,20735.65,,6/11/20,12:30:00 PM,20700,PE,6/11/20,,602.2,698.55,488.99,"1,117.68",880,,181.45,Exit at 310,4536.2,,"93,329.20",,"-1,294.05"
NIFTY BANK.NSE_IDX,Long,Fri,6/12/20,11:15:00 AM,20155.75,,6/12/20,11:15:00 AM,20200,CE,6/18/20,,570.4,661.66,463.16,"1,058.66",,,0,No Trade,0,,"93,329.20",,"-1,294.05"
NIFTY BANK.NSE_IDX,Short,Mon,6/15/20,12:00:00 PM,19781.6,,6/15/20,12:00:00 PM,19800,PE,6/18/20,,430.7,499.61,349.73,799.38,349.7,,-149.91,SL,-3747.8,,"89,581.40",,"-5,041.85"
NIFTY BANK.NSE_IDX,Short,Tue,6/16/20,1:00:00 PM,19925.15,,6/16/20,1:00:00 PM,19900,PE,6/18/20,,61.45,71.28,49.9,114.05,114.1,225.1,42.82,Target,1070.45,,"90,651.85",,"-3,971.40"
NIFTY BANK.NSE_IDX,Long,Thu,6/18/20,1:45:00 PM,20510.5,,6/18/20,1:45:00 PM,20500,CE,6/18/20,,454,526.64,368.65,842.62,368.6,,-158.04,SL,-3951,,"86,700.85",,"-7,922.40"
NIFTY BANK.NSE_IDX,Long,Mon,6/22/20,12:45:00 PM,21885.9,,6/22/20,12:45:00 PM,21900,CE,6/25/20,,350.45,406.52,284.57,650.44,284.6,,-121.92,SL,-3048.05,,"83,652.80",,"-10,970.45"
NIFTY BANK.NSE_IDX,Short,Wed,6/24/20,10:45:00 AM,22070.55,,6/24/20,10:45:00 AM,22100,PE,6/25/20,,277.3,321.67,225.17,514.67,445.95,,124.28,Exit at 310,3107.05,,"86,759.85",,"-7,863.40"
NIFTY BANK.NSE_IDX,Long,Wed,7/1/20,11:15:00 AM,21674.55,,7/1/20,11:15:00 AM,21700,CE,7/2/20,,427.25,495.61,346.93,792.98,,,0,No Trade,0,,"86,759.85",,"-7,863.40"
NIFTY BANK.NSE_IDX,Short,Fri,7/3/20,1:30:00 PM,21802.9,,7/3/20,1:30:00 PM,21800,PE,7/9/20,,320,371.2,259.84,593.92,,,0,No Trade,0,,"86,759.85",,"-7,863.40"
NIFTY BANK.NSE_IDX,Short,Tue,7/7/20,9:15:00 AM,22107.45,,7/7/20,9:15:00 AM,22100,PE,7/9/20,,300,348,243.6,556.8,440,,92,Exit at 310,2300,,"89,059.85",,"-5,563.40"
NIFTY BANK.NSE_IDX,Long,Tue,7/7/20,1:00:00 PM,22412.45,,7/7/20,1:00:00 PM,22400,CE,7/9/20,,405.5,470.38,329.27,752.61,,,0,No Trade,0,,"89,059.85",,"-5,563.40"
NIFTY BANK.NSE_IDX,Short,Fri,7/10/20,12:15:00 PM,22424.55,,7/10/20,12:15:00 PM,22400,PE,7/16/20,,332.75,385.99,270.19,617.58,368.7,,-17.29,Exit at 310,-432.25,,"88,627.60",,"-5,995.65"
NIFTY BANK.NSE_IDX,Short,Mon,7/13/20,11:00:00 AM,22242.15,,7/13/20,11:00:00 AM,22200,PE,7/16/20,,351.75,408.03,285.62,652.85,373.7,,-34.33,Exit at 310,-858.25,,"87,769.35",,"-6,853.90"
NIFTY BANK.NSE_IDX,Short,Tue,7/14/20,10:45:00 AM,21462.9,,7/14/20,10:45:00 AM,21500,PE,7/16/20,,283,328.28,229.8,525.25,229.8,,-98.48,SL,-2462,,"85,307.35",,"-9,315.90"
NIFTY BANK.NSE_IDX,Short,Wed,7/22/20,9:15:00 AM,22877.95,,7/22/20,9:15:00 AM,22900,PE,7/23/20,,422.45,490.04,343.03,784.07,343,,-147.04,SL,-3676.05,,"81,631.30",,"-12,991.95"
NIFTY BANK.NSE_IDX,Short,Fri,7/24/20,10:30:00 AM,22546.05,,7/24/20,10:30:00 AM,22500,PE,7/30/20,,412.3,478.27,334.79,765.23,562.3,,84.03,Exit at 310,2100.8,,"83,732.10",,"-10,891.15"
NIFTY BANK.NSE_IDX,Short,Mon,7/27/20,9:15:00 AM,22165.8,,7/27/20,9:15:00 AM,22200,PE,7/30/20,,65.25,75.69,52.98,121.1,53,,-22.69,SL,-567.25,,"83,164.85",,"-11,458.40"
NIFTY BANK.NSE_IDX,Short,Thu,7/30/20,1:00:00 PM,21911.15,,7/30/20,1:00:00 PM,21900,PE,7/30/20,,356.9,414,289.8,662.41,424.05,,10.05,Exit at 310,251.15,,"83,416.00",,"-11,207.25"
NIFTY BANK.NSE_IDX,Short,Mon,8/3/20,9:45:00 AM,21279.25,,8/3/20,9:45:00 AM,21300,PE,8/6/20,,327,379.32,265.52,606.91,,,0,No Trade,0,,"83,416.00",,"-11,207.25"
NIFTY BANK.NSE_IDX,Long,Mon,8/10/20,9:15:00 AM,22011.1,,8/10/20,9:15:00 AM,22000,CE,8/13/20,,272.9,316.56,221.59,506.5,,,0,No Trade,0,,"83,416.00",,"-11,207.25"
NIFTY BANK.NSE_IDX,Long,Tue,8/11/20,9:15:00 AM,22228.35,,8/11/20,9:15:00 AM,22200,CE,8/13/20,,204.25,236.93,165.85,379.09,,,0,No Trade,0,,"83,416.00",,"-11,207.25"
NIFTY BANK.NSE_IDX,Long,Wed,8/12/20,12:45:00 PM,22311.55,,8/12/20,12:45:00 PM,22300,CE,8/13/20,,262.1,304.04,212.83,486.46,486.4,167.5,182.36,Target,4559.1,,"87,975.10",,"-6,648.15"
NIFTY BANK.NSE_IDX,Short,Fri,8/14/20,10:15:00 AM,22137.15,,8/14/20,10:15:00 AM,22100,PE,8/20/20,,208.6,241.98,169.38,387.16,262.85,,20.87,Exit at 310,521.85,,"88,496.95",,"-6,126.30"
NIFTY BANK.NSE_IDX,Long,Tue,8/18/20,2:00:00 PM,22055.85,,8/18/20,2:00:00 PM,22100,CE,8/20/20,,286.55,332.4,232.68,531.84,,,0,No Trade,0,,"88,496.95",,"-6,126.30"
NIFTY BANK.NSE_IDX,Long,Fri,8/21/20,9:30:00 AM,22314.45,,8/21/20,9:30:00 AM,22300,CE,8/27/20,,230.95,267.9,187.53,428.64,428.7,268.05,160.8,Target,4019.95,,"92,516.90",,"-2,106.35"
NIFTY BANK.NSE_IDX,Long,Mon,8/24/20,9:15:00 AM,22592.45,,8/24/20,9:15:00 AM,22600,CE,8/27/20,,283.95,329.38,230.57,527.01,527,404.15,197.62,Target,4940.45,,"97,457.35",,0
NIFTY BANK.NSE_IDX,Long,Fri,8/28/20,9:15:00 AM,23888.7,,8/28/20,9:15:00 AM,23900,CE,9/3/20,,400.2,464.23,324.96,742.77,742.8,758,278.57,Target,6964.2,,"104,421.55",,0
NIFTY BANK.NSE_IDX,Short,Mon,8/31/20,11:00:00 AM,24311.8,,8/31/20,11:00:00 AM,24300,PE,9/3/20,,69.3,80.39,56.27,128.62,56.3,,-24.09,SL,-602.2,,"103,819.35",,-602.2
NIFTY BANK.NSE_IDX,Short,Thu,9/3/20,11:30:00 AM,23623.4,,9/3/20,11:30:00 AM,23600,PE,9/3/20,,164.55,190.88,133.61,305.4,133.6,,-57.28,SL,-1431.95,,"102,387.40",,"-2,034.15"
NIFTY BANK.NSE_IDX,Short,Wed,9/9/20,11:30:00 AM,22226.4,,9/9/20,11:30:00 AM,22200,PE,9/10/20,,291.1,337.68,236.37,540.28,474.4,,136.72,Exit at 310,3418.1,,"105,805.50",,0
NIFTY BANK.NSE_IDX,Short,Mon,9/14/20,1:15:00 PM,22369.35,,9/14/20,1:15:00 PM,22400,PE,9/17/20,,342.8,397.65,278.35,636.24,636.2,460,238.55,Target,5963.8,,"111,769.30",,0
NIFTY BANK.NSE_IDX,Short,Fri,9/18/20,11:00:00 AM,22288.3,,9/18/20,11:00:00 AM,22300,PE,9/24/20,,299.3,347.19,243.03,555.5,366.25,,19.06,Exit at 310,476.55,,"112,245.85",,0
NIFTY BANK.NSE_IDX,Short,Mon,9/21/20,2:00:00 PM,21524.3,,9/21/20,2:00:00 PM,21500,PE,9/24/20,,155.5,180.38,126.27,288.61,126.3,,-54.08,SL,-1352,,"110,893.85",,"-1,352.00"
NIFTY BANK.NSE_IDX,Short,Wed,9/23/20,1:30:00 PM,20941.8,,9/23/20,1:30:00 PM,20900,PE,9/24/20,,324.6,376.54,263.58,602.46,,,0,No Trade,0,,"110,893.85",,"-1,352.00"
NIFTY BANK.NSE_IDX,Long,Mon,9/28/20,11:15:00 AM,21554,,9/28/20,11:15:00 AM,21600,CE,10/1/20,,261.1,302.88,212.01,484.6,,,0,No Trade,0,,"110,893.85",,"-1,352.00"
NIFTY BANK.NSE_IDX,Short,Tue,9/29/20,10:45:00 AM,21367.05,,9/29/20,10:45:00 AM,21400,PE,10/1/20,,70,81.2,56.84,129.92,130,208.2,48.8,Target,1220,,"112,113.85",,-132
NIFTY BANK.NSE_IDX,Long,Thu,10/1/20,10:00:00 AM,21956.55,,10/1/20,10:00:00 AM,22000,CE,10/1/20,,387.6,449.62,314.73,719.39,,,0,No Trade,0,,"112,113.85",,-132
NIFTY BANK.NSE_IDX,Long,Mon,10/5/20,9:30:00 AM,22731.25,,10/5/20,9:30:00 AM,22700,CE,10/8/20,,76.3,88.51,61.96,141.61,62,,-26.51,SL,-662.7,,"111,451.15",,-794.7
NIFTY BANK.NSE_IDX,Long,Thu,10/8/20,1:15:00 PM,23402.4,,10/8/20,1:15:00 PM,23400,CE,10/8/20,,407.9,473.16,331.21,757.06,617.95,,144.79,Exit at 310,3619.65,,"115,070.80",,0
NIFTY BANK.NSE_IDX,Long,Fri,10/9/20,10:45:00 AM,23549.85,,10/9/20,10:45:00 AM,23500,CE,10/15/20,,100.9,117.04,81.93,187.27,81.9,,-35.14,SL,-878.6,,"114,192.20",,-878.6
NIFTY BANK.NSE_IDX,Short,Thu,10/15/20,2:00:00 PM,23272.45,,10/15/20,2:00:00 PM,23300,PE,10/15/20,,381.2,442.19,309.53,707.51,,,0,No Trade,0,,"114,192.20",,-878.6
NIFTY BANK.NSE_IDX,Long,Mon,10/19/20,2:00:00 PM,24221.75,,10/19/20,2:00:00 PM,24200,CE,10/22/20,,430.7,499.61,349.73,799.38,,,0,No Trade,0,,"114,192.20",,-878.6
NIFTY BANK.NSE_IDX,Short,Fri,10/23/20,12:00:00 PM,24392.9,,10/23/20,12:00:00 PM,24400,PE,10/29/20,,391.9,454.6,318.22,727.37,497.45,,42.85,Exit at 310,1071.15,,"115,263.35",,0
NIFTY BANK.NSE_IDX,Short,Mon,10/26/20,11:30:00 AM,24268.25,,10/26/20,11:30:00 AM,24300,PE,10/29/20,,253.85,294.47,206.13,471.15,206.2,,-88.27,SL,-2206.65,,"113,056.70",,"-2,206.65"
NIFTY BANK.NSE_IDX,Short,Wed,10/28/20,12:45:00 PM,24213.75,,10/28/20,12:45:00 PM,24200,PE,10/29/20,,628.6,729.18,510.42,"1,166.68",,,0,No Trade,0,,"113,056.70",,"-2,206.65"
NIFTY BANK.NSE_IDX,Short,Fri,10/30/20,11:30:00 AM,23771.4,,10/30/20,11:30:00 AM,23800,PE,11/5/20,,449.5,521.42,364.99,834.27,540.6,,19.18,Exit at 310,479.5,,"113,536.20",,"-1,727.15"
NIFTY BANK.NSE_IDX,Long,Mon,11/2/20,2:00:00 PM,24768.05,,11/2/20,2:00:00 PM,24800,CE,11/5/20,,409.25,474.73,332.31,759.57,560.15,,85.42,Exit at 310,2135.5,,"115,671.70",,0
NIFTY BANK.NSE_IDX,Long,Fri,11/6/20,12:00:00 PM,26521.25,,11/6/20,12:00:00 PM,26500,CE,11/12/20,,341.05,395.62,276.93,632.99,633,557.75,237.38,Target,5934.55,,"121,606.25",,0
NIFTY BANK.NSE_IDX,Long,Tue,11/10/20,10:45:00 AM,28381.2,,11/10/20,10:45:00 AM,28400,CE,11/12/20,,109.7,127.25,89.08,203.6,,,0,No Trade,0,,"121,606.25",,0
NIFTY BANK.NSE_IDX,Short,Thu,11/12/20,1:30:00 PM,28087.8,,11/12/20,1:30:00 PM,28100,PE,11/12/20,,259.3,300.79,210.55,481.26,428.35,,127.56,Exit at 310,3189.05,,"124,795.30",,0
NIFTY BANK.NSE_IDX,Long,Wed,11/18/20,9:45:00 AM,29431.35,,11/18/20,9:45:00 AM,29400,CE,11/19/20,,487.5,565.5,395.85,904.8,,,0,No Trade,0,,"124,795.30",,0
NIFTY BANK.NSE_IDX,Short,Mon,11/23/20,10:45:00 AM,28970.45,,11/23/20,10:45:00 AM,29000,PE,11/26/20,,327.3,379.67,265.77,607.47,265.8,,-113.87,SL,-2846.7,,"121,948.60",,"-2,846.70"
NIFTY BANK.NSE_IDX,Short,Wed,11/25/20,11:00:00 AM,29651.4,,11/25/20,11:00:00 AM,29700,PE,11/26/20,,428.2,496.71,347.7,794.74,,,0,No Trade,0,,"121,948.60",,"-2,846.70"
NIFTY BANK.NSE_IDX,Short,Tue,12/1/20,9:15:00 AM,29600.95,,12/1/20,9:15:00 AM,29600,PE,12/3/20,,264.75,307.11,214.98,491.38,491.3,215.5,184.19,Target,4604.75,,"126,553.35",,0
NIFTY BANK.NSE_IDX,Short,Wed,12/2/20,10:15:00 AM,29643,,12/2/20,10:15:00 AM,29600,PE,12/3/20,,464.7,539.05,377.34,862.48,,,0,No Trade,0,,"126,553.35",,0
NIFTY BANK.NSE_IDX,Long,Fri,12/4/20,10:15:00 AM,29922.6,,12/4/20,10:15:00 AM,29900,CE,12/10/20,,342,396.72,277.7,634.75,,,0,No Trade,0,,"126,553.35",,0
NIFTY BANK.NSE_IDX,Short,Tue,12/8/20,11:15:00 AM,30056.6,,12/8/20,11:15:00 AM,30100,PE,12/10/20,,206.5,239.54,167.68,383.26,383.1,232,143.56,Target,3589,,"130,142.35",,0
NIFTY BANK.NSE_IDX,Long,Wed,12/9/20,1:00:00 PM,30528.5,,12/9/20,1:00:00 PM,30500,CE,12/10/20,,119,138.04,96.63,220.86,96.6,,-41.44,SL,-1036,,"129,106.35",,"-1,036.00"
NIFTY BANK.NSE_IDX,Short,Thu,12/10/20,1:30:00 PM,30276.75,,12/10/20,1:30:00 PM,30300,PE,12/10/20,,406,470.96,329.67,753.54,,,0,No Trade,0,,"129,106.35",,"-1,036.00"
NIFTY BANK.NSE_IDX,Long,Fri,12/11/20,9:30:00 AM,30788.25,,12/11/20,9:30:00 AM,30800,CE,12/17/20,,302.8,351.25,245.87,562,245.8,,-105.45,SL,-2636.2,,"126,470.15",,"-3,672.20"
NIFTY BANK.NSE_IDX,Short,Tue,12/15/20,9:15:00 AM,30641.65,,12/15/20,9:15:00 AM,30600,PE,12/17/20,,388.3,450.43,315.3,720.68,315.3,,-135.13,SL,-3378.2,,"123,091.95",,"-7,050.40"
NIFTY BANK.NSE_IDX,Short,Fri,12/18/20,9:30:00 AM,30591.65,,12/18/20,9:30:00 AM,30600,PE,12/24/20,,280.65,325.55,227.89,520.89,521,255.7,195.45,Target,4886.15,,"127,978.10",,"-2,164.25"
NIFTY BANK.NSE_IDX,Short,Mon,12/21/20,12:45:00 PM,30226.3,,12/21/20,12:45:00 PM,30200,PE,12/24/20,,119.05,138.1,96.67,220.96,96.7,,-41.4,SL,-1034.95,,"126,943.15",,"-3,199.20"
NIFTY BANK.NSE_IDX,Long,Thu,12/24/20,10:00:00 AM,30400.7,,12/24/20,10:00:00 AM,30400,CE,12/24/20,,308.75,358.15,250.71,573.04,,,0,No Trade,0,,"126,943.15",,"-3,199.20"
NIFTY BANK.NSE_IDX,Long,Mon,12/28/20,1:45:00 PM,30879.3,,12/28/20,1:45:00 PM,30900,CE,12/31/20,,325.1,377.12,263.98,603.39,,,0,No Trade,0,,"126,943.15",,"-3,199.20"
NIFTY BANK.NSE_IDX,Long,Tue,12/29/20,9:15:00 AM,31249,,12/29/20,9:15:00 AM,31200,CE,12/31/20,,239.8,278.17,194.72,445.07,194.7,,-83.47,SL,-2086.7,,"124,856.45",,"-5,285.90"
NIFTY BANK.NSE_IDX,Short,Wed,12/30/20,9:15:00 AM,31201.85,,12/30/20,9:15:00 AM,31200,PE,12/31/20,,,0,0,0,,,0,,0,,"124,856.45",,"-5,285.90"